context,state,selector,foreground,background,kind,ratio,required,result,how
(prefers-contrast: more),resting,body,#000000,#ffffff,text,21.0,4.5,PASS,same-rule; size unknown - assumed body
default,resting,body,#1e2d3d,#f4f8fc,text,13.14,4.5,PASS,same-rule; size unknown - assumed body
print,resting,.print-schedule-table .group-header,#fff,#002f65,text,13.17,4.5,PASS,same-rule; size unknown - assumed body
print,resting,.print-schedule-table .non-period-row td,#555,#f8f8f8,text,7.02,4.5,PASS,same-rule; size unknown - assumed body
(prefers-contrast: more),resting,.badge.b-grey,#222,#d0d0d0,text,10.32,4.5,PASS,same-rule; size unknown - assumed body
(prefers-contrast: more),resting,.auth-wrap,#555555,#fff,boundary-advisory,7.46,3.0,PASS,same-rule
default,resting,.auth-wrap,#7d8ea8,#fff,boundary-advisory,3.33,3.0,PASS,same-rule
(prefers-contrast: more),resting,.btn-auth,#fff,#003a7a,text,11.13,4.5,PASS,same-rule; size unknown - assumed body
default,resting,.btn-auth,#fff,#003a7a,text,11.13,4.5,PASS,same-rule; size unknown - assumed body
(prefers-contrast: more),disabled+hover,.btn-auth:hover:not(:disabled),#fff,#004590,text,9.32,4.5,PASS,inherited-fg + same-rule bg; size unknown - assumed body
default,disabled+hover,.btn-auth:hover:not(:disabled),#fff,#004590,text,9.32,4.5,PASS,inherited-fg + same-rule bg; size unknown - assumed body
(prefers-contrast: more),active+disabled,.btn-auth:active:not(:disabled),#fff,#001e42,text,16.61,4.5,PASS,inherited-fg + same-rule bg; size unknown - assumed body
default,active+disabled,.btn-auth:active:not(:disabled),#fff,#001e42,text,16.61,4.5,PASS,inherited-fg + same-rule bg; size unknown - assumed body
(prefers-contrast: more),disabled,.btn-auth:disabled,#b0b7bb,#f4f8fc,text,1.9,4.5,FAIL,same-rule; size unknown - assumed body
(prefers-contrast: more),disabled,.btn-auth:disabled,#555555,#f4f8fc,boundary-advisory,6.99,3.0,PASS,same-rule
default,disabled,.btn-auth:disabled,#b0b7bb,#f4f8fc,text,1.9,4.5,FAIL,same-rule; size unknown - assumed body
default,disabled,.btn-auth:disabled,#7d8ea8,#f4f8fc,boundary-advisory,3.12,3.0,PASS,same-rule
(prefers-contrast: more),resting,.auth-err,#8b1a1a,#fdeaea,text,8.02,4.5,PASS,same-rule; size unknown - assumed body
(prefers-contrast: more),resting,.auth-err,#f5a5a5,#fdeaea,boundary-advisory,1.68,3.0,FAIL,same-rule
default,resting,.auth-err,#8b1a1a,#fdeaea,text,8.02,4.5,PASS,same-rule; size unknown - assumed body
default,resting,.auth-err,#f5a5a5,#fdeaea,boundary-advisory,1.68,3.0,FAIL,same-rule
(prefers-contrast: more),resting,.auth-acct-banner,#002f65,#f0f7ff,text,12.2,4.5,PASS,same-rule; size unknown - assumed body
(prefers-contrast: more),resting,.auth-acct-banner,#bee3f8,#f0f7ff,boundary-advisory,1.25,3.0,FAIL,same-rule
default,resting,.auth-acct-banner,#002f65,#f0f7ff,text,12.2,4.5,PASS,same-rule; size unknown - assumed body
default,resting,.auth-acct-banner,#bee3f8,#f0f7ff,boundary-advisory,1.25,3.0,FAIL,same-rule
(prefers-contrast: more),resting,.sqn-chip,#002f65,#51b0e3,text,5.44,4.5,PASS,same-rule; size unknown - assumed body
default,resting,.sqn-chip,#002f65,#51b0e3,text,5.44,4.5,PASS,same-rule; size unknown - assumed body
(prefers-contrast: more),resting,.sqn-chip.admin,#002f65,#ffd700,text,9.39,4.5,PASS,same-rule; size unknown - assumed body
default,resting,.sqn-chip.admin,#002f65,#ffd700,text,9.39,4.5,PASS,same-rule; size unknown - assumed body
(prefers-contrast: more),hover,.nav-subitem:hover,#002f65,#ffffff,text,13.17,4.5,PASS,same-rule; size unknown - assumed body
default,hover,.nav-subitem:hover,#002f65,#f4f8fc,text,12.34,4.5,PASS,same-rule; size unknown - assumed body
(prefers-contrast: more),resting,.nav-subitem.active,#002f65,#deeefa,text,11.11,4.5,PASS,same-rule; size unknown - assumed body
(prefers-contrast: more),resting,.nav-subitem.active,#51b0e3,#deeefa,boundary-advisory,2.04,3.0,FAIL,same-rule
default,resting,.nav-subitem.active,#002f65,#deeefa,text,11.11,4.5,PASS,same-rule; size unknown - assumed body
default,resting,.nav-subitem.active,#51b0e3,#deeefa,boundary-advisory,2.04,3.0,FAIL,same-rule
(prefers-contrast: more),resting,.year-nav-ctrl,#555555,#ffffff,boundary-advisory,7.46,3.0,PASS,same-rule
default,resting,.year-nav-ctrl,#7d8ea8,#ffffff,boundary-advisory,3.33,3.0,PASS,same-rule
(prefers-contrast: more),disabled+hover,.yn-arrow:not(:disabled):hover,#000000,#f0f0f0,text,18.43,4.5,PASS,same-rule; size unknown - assumed body
default,disabled+hover,.yn-arrow:not(:disabled):hover,#1e2d3d,#f0f5fa,text,12.78,4.5,PASS,same-rule; size unknown - assumed body
(prefers-contrast: more),hover,.yn-display:hover,#000000,#f0f0f0,text,18.43,4.5,PASS,inherited-fg + same-rule bg; size unknown - assumed body
default,hover,.yn-display:hover,#1e2d3d,#f0f5fa,text,12.78,4.5,PASS,inherited-fg + same-rule bg; size unknown - assumed body
default,resting,.yn-menu button,#1e2d3d,#ffffff,text,14.02,4.5,PASS,ancestor .yn-menu; size unknown - assumed body
(prefers-contrast: more),focus+hover,".yn-menu button:hover,.yn-menu button:focus-visible",#000000,#f0f0f0,text,18.43,4.5,PASS,inherited-fg + same-rule bg; size unknown - assumed body
default,focus+hover,".yn-menu button:hover,.yn-menu button:focus-visible",#1e2d3d,#f0f5fa,text,12.78,4.5,PASS,inherited-fg + same-rule bg; size unknown - assumed body
(prefers-contrast: more),resting,.yn-rollover,#555555,#f0f0f0,boundary-advisory,6.54,3.0,PASS,same-rule
default,resting,.yn-rollover,#7d8ea8,#f0f5fa,boundary-advisory,3.04,3.0,PASS,same-rule
(prefers-contrast: more),resting,.yn-rollover p,#000000,#f0f0f0,text,18.43,4.5,PASS,ancestor .yn-rollover; size unknown - assumed body
default,resting,.yn-rollover p,#1e2d3d,#f0f5fa,text,12.78,4.5,PASS,ancestor .yn-rollover; size unknown - assumed body
(prefers-contrast: more),resting,.yn-chip-active,#003318,#c0f0d8,text,11.23,4.5,PASS,same-rule; size unknown - assumed body
default,resting,.yn-chip-active,#145f38,#d4f0e3,text,6.38,4.5,PASS,same-rule; size unknown - assumed body
(prefers-contrast: more),resting,.yn-chip-arch,#404040,#ffffff,text,10.37,4.5,PASS,same-rule; size unknown - assumed body
default,resting,.yn-chip-arch,#5c6a76,#f4f8fc,text,5.21,4.5,PASS,same-rule; size unknown - assumed body
(prefers-contrast: more),resting,.yn-year-row.is-current,#51b0e3,#c8e6ff,boundary-advisory,1.87,3.0,FAIL,same-rule
default,resting,.yn-year-row.is-current,#51b0e3,#e0f0fa,boundary-advisory,2.08,3.0,FAIL,same-rule
(prefers-contrast: more),resting,.yn-year-row.is-arch .yn-year-num,#404040,#f0f0f0,text,9.1,4.5,PASS,ancestor .yn-year-row.is-arch; size unknown - assumed body
default,resting,.yn-year-row.is-arch .yn-year-num,#5c6a76,#f0f5fa,text,5.07,4.5,PASS,ancestor .yn-year-row.is-arch; size unknown - assumed body
(prefers-contrast: more),resting,.yn-current-tag,#004b8d,#ffffff,text,8.78,4.5,PASS,same-rule; size unknown - assumed body
(prefers-contrast: more),resting,.yn-current-tag,#51b0e3,#ffffff,boundary-advisory,2.42,3.0,FAIL,same-rule
default,resting,.yn-current-tag,#004b8d,#ffffff,text,8.78,4.5,PASS,same-rule; size unknown - assumed body
default,resting,.yn-current-tag,#51b0e3,#ffffff,boundary-advisory,2.42,3.0,FAIL,same-rule
default,resting,.cea-conflict-toggle,#7d8ea8,#f4f8fc,boundary-advisory,3.12,3.0,PASS,same-rule
(prefers-contrast: more),hover,.btn-out:hover,#002f65,#002f65,text,1.0,4.5,FAIL,inherited-fg + same-rule bg; size unknown - assumed body
default,hover,.btn-out:hover,#002f65,#002f65,text,1.0,4.5,FAIL,inherited-fg + same-rule bg; size unknown - assumed body
(prefers-contrast: more),hover,.btn-red-out:hover,#cc0011,#cc0011,text,1.0,4.5,FAIL,inherited-fg + same-rule bg; size unknown - assumed body
default,hover,.btn-red-out:hover,#e51937,#e51937,text,1.0,4.5,FAIL,inherited-fg + same-rule bg; size unknown - assumed body
(prefers-contrast: more),resting,.btn-sky,#002f65,#c8e6ff,text,10.17,4.5,PASS,same-rule; size unknown - assumed body
(prefers-contrast: more),resting,.btn-sky,#7db2ce,#c8e6ff,boundary-advisory,1.78,3.0,FAIL,same-rule
default,resting,.btn-sky,#002f65,#e0f0fa,text,11.3,4.5,PASS,same-rule; size unknown - assumed body
default,resting,.btn-sky,#7db2ce,#e0f0fa,boundary-advisory,1.97,3.0,FAIL,same-rule
(prefers-contrast: more),hover,.btn-sky:hover,#002f65,#c4e4f5,text,9.89,4.5,PASS,same-rule; size unknown - assumed body
default,hover,.btn-sky:hover,#002f65,#c4e4f5,text,9.89,4.5,PASS,same-rule; size unknown - assumed body
(prefers-contrast: more),resting,".btn-danger,.btn-red",#fff,#cc0011,text,5.87,4.5,PASS,inherited-fg + same-rule bg; size unknown - assumed body
default,resting,".btn-danger,.btn-red",#fff,#e51937,text,4.64,4.5,PASS,inherited-fg + same-rule bg; size unknown - assumed body
(prefers-contrast: more),hover,".btn-danger:hover,.btn-red:hover",#fff,#c01530,text,6.19,4.5,PASS,inherited-fg + same-rule bg; size unknown - assumed body
default,hover,".btn-danger:hover,.btn-red:hover",#fff,#c01530,text,6.19,4.5,PASS,inherited-fg + same-rule bg; size unknown - assumed body
(prefers-contrast: more),hover,.btn-primary:hover,#fff,#004590,text,9.32,4.5,PASS,inherited-fg + same-rule bg; size unknown - assumed body
default,hover,.btn-primary:hover,#fff,#004590,text,9.32,4.5,PASS,inherited-fg + same-rule bg; size unknown - assumed body
(prefers-contrast: more),active,.btn-primary:active,#fff,#001e42,text,16.61,4.5,PASS,inherited-fg + same-rule bg; size unknown - assumed body
default,active,.btn-primary:active,#fff,#001e42,text,16.61,4.5,PASS,inherited-fg + same-rule bg; size unknown - assumed body
(prefers-contrast: more),hover,.btn-secondary:hover,#002f65,#e0f0fa,text,11.3,4.5,PASS,inherited-fg + same-rule bg; size unknown - assumed body
default,hover,.btn-secondary:hover,#002f65,#e0f0fa,text,11.3,4.5,PASS,inherited-fg + same-rule bg; size unknown - assumed body
(prefers-contrast: more),resting,.btn-danger,#fff,#c8102e,text,5.88,4.5,PASS,same-rule; size unknown - assumed body
default,resting,.btn-danger,#fff,#c8102e,text,5.88,4.5,PASS,same-rule; size unknown - assumed body
(prefers-contrast: more),hover,.btn-danger:hover,#fff,#e01235,text,4.88,4.5,PASS,inherited-fg + same-rule bg; size unknown - assumed body
default,hover,.btn-danger:hover,#fff,#e01235,text,4.88,4.5,PASS,inherited-fg + same-rule bg; size unknown - assumed body
(prefers-contrast: more),resting,.btn-disabled,#b0b7bb,#f4f8fc,text,1.9,4.5,FAIL,same-rule; size unknown - assumed body
(prefers-contrast: more),resting,.btn-disabled,#555555,#f4f8fc,boundary-advisory,6.99,3.0,PASS,same-rule
default,resting,.btn-disabled,#b0b7bb,#f4f8fc,text,1.9,4.5,FAIL,same-rule; size unknown - assumed body
(prefers-contrast: more),resting,.seg-btn,#455560,#ffffff,text,7.72,4.5,PASS,same-rule; size unknown - assumed body
default,resting,.seg-btn,#455560,#ffffff,text,7.72,4.5,PASS,same-rule; size unknown - assumed body
(prefers-contrast: more),resting,.seg-btn.active,#fff,#002f65,text,13.17,4.5,PASS,same-rule; size unknown - assumed body
default,resting,.seg-btn.active,#fff,#002f65,text,13.17,4.5,PASS,same-rule; size unknown - assumed body
(prefers-contrast: more),resting,".badge-green,.b-ok",#1a5c35,#d4f0e3,text,6.62,4.5,PASS,same-rule; size unknown - assumed body
default,resting,".badge-green,.b-ok",#1a5c35,#d4f0e3,text,6.62,4.5,PASS,same-rule; size unknown - assumed body
(prefers-contrast: more),resting,".badge-grey,.b-grey",#455560,#eef0f2,text,6.75,4.5,PASS,same-rule; size unknown - assumed body
default,resting,".badge-grey,.b-grey",#455560,#eef0f2,text,6.75,4.5,PASS,same-rule; size unknown - assumed body
(prefers-contrast: more),resting,".badge-red,.b-red",#8b1a1a,#fde8e8,text,7.91,4.5,PASS,same-rule; size unknown - assumed body
default,resting,".badge-red,.b-red",#8b1a1a,#fde8e8,text,7.91,4.5,PASS,same-rule; size unknown - assumed body
(prefers-contrast: more),resting,".badge-amber,.badge-yellow,.b-amber",#7a5200,#fff3cd,text,6.25,4.5,PASS,same-rule; size unknown - assumed body
default,resting,".badge-amber,.badge-yellow,.b-amber",#7a5200,#fff3cd,text,6.25,4.5,PASS,same-rule; size unknown - assumed body
(prefers-contrast: more),resting,.b-teal,#0a5c50,#d4f5f0,text,6.81,4.5,PASS,same-rule; size unknown - assumed body
default,resting,.b-teal,#0a5c50,#d4f5f0,text,6.81,4.5,PASS,same-rule; size unknown - assumed body
(prefers-contrast: more),resting,.b-gold,#7a6000,#fff7cc,text,5.55,4.5,PASS,same-rule; size unknown - assumed body
default,resting,.b-gold,#7a6000,#fff7cc,text,5.55,4.5,PASS,same-rule; size unknown - assumed body
(prefers-contrast: more),resting,.b-orange,#7a3a00,#ffe8d4,text,7.29,4.5,PASS,same-rule; size unknown - assumed body
default,resting,.b-orange,#7a3a00,#ffe8d4,text,7.29,4.5,PASS,same-rule; size unknown - assumed body
(prefers-contrast: more),resting,.b-purple,#5b1a8b,#f0e8ff,text,9.0,4.5,PASS,same-rule; size unknown - assumed body
default,resting,.b-purple,#5b1a8b,#f0e8ff,text,9.0,4.5,PASS,same-rule; size unknown - assumed body
(prefers-contrast: more),resting,.ph-sil,#333,#e8e8e8,text,10.31,4.5,PASS,same-rule; size unknown - assumed body
default,resting,.ph-sil,#333,#e8e8e8,text,10.31,4.5,PASS,same-rule; size unknown - assumed body
(prefers-contrast: more),resting,.st-delivered_with_issue,#4a5d1f,#eaf3d8,text,6.37,4.5,PASS,same-rule; size unknown - assumed body
default,resting,.st-delivered_with_issue,#4a5d1f,#eaf3d8,text,6.37,4.5,PASS,same-rule; size unknown - assumed body
(prefers-contrast: more),resting,.st-cancelled_late,#8b1a1a,#fde8e8,boundary-advisory,7.91,3.0,PASS,same-rule
default,resting,.st-cancelled_late,#8b1a1a,#fde8e8,boundary-advisory,7.91,3.0,PASS,same-rule
(prefers-contrast: more),resting,thead th,#455560,#f0f0f0,text,6.77,4.5,PASS,ancestor thead; size unknown - assumed body
default,resting,thead th,#455560,#f0f5fa,text,7.04,4.5,PASS,ancestor thead; size unknown - assumed body
(prefers-contrast: more),resting,.a-info,#003d88,#e0eeff,text,8.82,4.5,PASS,same-rule; size unknown - assumed body
default,resting,.a-info,#003d88,#e0eeff,text,8.82,4.5,PASS,same-rule; size unknown - assumed body
(prefers-contrast: more),resting,.dash-sec-hero .dash-sec-hdr,#002f65,"rgba(0,47,101,.035)",text,1.0,4.5,FAIL,ancestor .dash-sec-hero; size unknown - assumed body
default,resting,.dash-sec-hero .dash-sec-hdr,#002f65,"rgba(0,47,101,.035)",text,1.0,4.5,FAIL,ancestor .dash-sec-hero; size unknown - assumed body
(prefers-contrast: more),resting,.dash-sec-hero .dash-sec-sub,#111111,"rgba(0,47,101,.035)",text,1.43,4.5,FAIL,ancestor .dash-sec-hero; size unknown - assumed body
default,resting,.dash-sec-hero .dash-sec-sub,#3a4a55,"rgba(0,47,101,.035)",text,1.44,4.5,FAIL,ancestor .dash-sec-hero; size unknown - assumed body
(prefers-contrast: more),resting,.chart-insight,#004b8d,#c8e6ff,text,6.78,4.5,PASS,same-rule; size unknown - assumed body
default,resting,.chart-insight,#004b8d,#e0f0fa,text,7.53,4.5,PASS,same-rule; size unknown - assumed body
(prefers-contrast: more),resting,.hm-empty,#5f5f5f,#f0f0f0,text,5.6,4.5,PASS,same-rule; size unknown - assumed body
default,resting,.hm-empty,#5f5f5f,#f0f0f0,text,5.6,4.5,PASS,same-rule; size unknown - assumed body
(prefers-contrast: more),hover,.cal-nbtn:hover,#51b0e3,#c8e6ff,boundary-advisory,1.87,3.0,FAIL,same-rule
default,hover,.cal-nbtn:hover,#51b0e3,#e0f0fa,boundary-advisory,2.08,3.0,FAIL,same-rule
(prefers-contrast: more),resting,.cal-cell.parade,#51b0e3,#e6f3fc,boundary-advisory,2.14,3.0,FAIL,same-rule
default,resting,.cal-cell.parade,#51b0e3,#e6f3fc,boundary-advisory,2.14,3.0,FAIL,same-rule
(prefers-contrast: more),resting,.cal-cell.other .cal-dt,#3a3a3a,#ffffff,text,11.37,4.5,PASS,ancestor .cal-cell.other; size unknown - assumed body
default,resting,.cal-cell.other .cal-dt,#6e7275,#f4f8fc,text,4.55,4.5,PASS,ancestor .cal-cell.other; size unknown - assumed body
(prefers-contrast: more),resting,.cal-cell.parade .cal-dt,#002f65,#e6f3fc,text,11.66,4.5,PASS,ancestor .cal-cell.parade; size unknown - assumed body
default,resting,.cal-cell.parade .cal-dt,#002f65,#e6f3fc,text,11.66,4.5,PASS,ancestor .cal-cell.parade; size unknown - assumed body
(prefers-contrast: more),resting,.cal-chip.delivered_with_issue,#101A26,#8a9a3a,text,5.65,4.5,PASS,same-rule; size unknown - assumed body
default,resting,.cal-chip.delivered_with_issue,#101A26,#8a9a3a,text,5.65,4.5,PASS,same-rule; size unknown - assumed body
(prefers-contrast: more),resting,.cal-chip.not_delivered,#101A26,#b0b7bb,text,8.63,4.5,PASS,same-rule; size unknown - assumed body
default,resting,.cal-chip.not_delivered,#101A26,#b0b7bb,text,8.63,4.5,PASS,same-rule; size unknown - assumed body
(prefers-contrast: more),resting,.cal-chip.rescheduled,#101A26,#6a3800,text,1.82,4.5,FAIL,same-rule; size unknown - assumed body
default,resting,.cal-chip.rescheduled,#101A26,#c97a00,text,5.23,4.5,PASS,same-rule; size unknown - assumed body
(prefers-contrast: more),resting,.sess-card.delivered,#004d24,#f0faf5,boundary-advisory,9.44,3.0,PASS,same-rule
default,resting,.sess-card.delivered,#1a7f4b,#f0faf5,boundary-advisory,4.71,3.0,PASS,same-rule
(prefers-contrast: more),resting,.sess-card.cancelled,#cc0011,#fff5f5,boundary-advisory,5.49,3.0,PASS,same-rule
default,resting,.sess-card.cancelled,#e51937,#fff5f5,boundary-advisory,4.34,3.0,PASS,same-rule
(prefers-contrast: more),resting,.sess-card.rescheduled,#6a3800,#fffbf0,boundary-advisory,9.32,3.0,PASS,same-rule
default,resting,.sess-card.rescheduled,#c97a00,#fffbf0,boundary-advisory,3.24,3.0,PASS,same-rule
(prefers-contrast: more),resting,.sess-card.not_delivered,#b0b7bb,#f8f9fa,boundary-advisory,1.93,3.0,FAIL,same-rule
default,resting,.sess-card.not_delivered,#b0b7bb,#f8f9fa,boundary-advisory,1.93,3.0,FAIL,same-rule
(prefers-contrast: more),resting,#page-service-desk .sd-filter-bar button.active,#fff,#004b8d,text,8.78,4.5,PASS,same-rule; size unknown - assumed body
(prefers-contrast: more),resting,#page-service-desk .sd-filter-bar button.active,#004b8d,#004b8d,boundary-advisory,1.0,3.0,FAIL,same-rule
default,resting,#page-service-desk .sd-filter-bar button.active,#fff,#004b8d,text,8.78,4.5,PASS,same-rule; size unknown - assumed body
default,resting,#page-service-desk .sd-filter-bar button.active,#004b8d,#004b8d,boundary-advisory,1.0,3.0,FAIL,same-rule
(prefers-contrast: more),resting,.badge-open,#004b8d,#e0f0fa,text,7.53,4.5,PASS,same-rule; size unknown - assumed body
(prefers-contrast: more),resting,.badge-in_progress,#7a4800,#fff3cd,text,6.88,4.5,PASS,same-rule; size unknown - assumed body
default,resting,.badge-in_progress,#7a4800,#fff3cd,text,6.88,4.5,PASS,same-rule; size unknown - assumed body
(prefers-contrast: more),resting,.badge-resolved,#145f38,#d4f0e3,text,6.38,4.5,PASS,same-rule; size unknown - assumed body
(prefers-contrast: more),hover,.exp-item:hover,#51b0e3,#fafbff,boundary-advisory,2.34,3.0,FAIL,same-rule
default,hover,.exp-item:hover,#51b0e3,#fafbff,boundary-advisory,2.34,3.0,FAIL,same-rule
(prefers-contrast: more),resting,.lh-btn,#003399,#c8e6ff,text,8.39,4.5,PASS,same-rule; size unknown - assumed body
(prefers-contrast: more),hover,.lh-btn:hover,#003399,#cce0ff,text,8.11,4.5,PASS,inherited-fg + same-rule bg; size unknown - assumed body
default,hover,.lh-btn:hover,#004b8d,#cce0ff,text,6.56,4.5,PASS,inherited-fg + same-rule bg; size unknown - assumed body
(prefers-contrast: more),resting,.res-chip.ok,#a8d5bc,#c0f0d8,boundary-advisory,1.29,3.0,FAIL,same-rule
default,resting,.res-chip.ok,#a8d5bc,#d4f0e3,boundary-advisory,1.35,3.0,FAIL,same-rule
(prefers-contrast: more),resting,.res-chip.busy,#f5b0b0,#fde8e8,boundary-advisory,1.53,3.0,FAIL,same-rule
default,resting,.res-chip.busy,#f5b0b0,#fde8e8,boundary-advisory,1.53,3.0,FAIL,same-rule
(prefers-contrast: more),resting,.scope-banner.sb-national .sb-tag,#fff,#7c3aed,text,5.7,4.5,PASS,same-rule; size unknown - assumed body
default,resting,.scope-banner.sb-national .sb-tag,#fff,#7c3aed,text,5.7,4.5,PASS,same-rule; size unknown - assumed body
(prefers-contrast: more),resting,.scope-banner.sb-auditor .sb-tag,#fff,#455560,text,7.72,4.5,PASS,same-rule; size unknown - assumed body
default,resting,.scope-banner.sb-auditor .sb-tag,#fff,#455560,text,7.72,4.5,PASS,same-rule; size unknown - assumed body
(prefers-contrast: more),resting,.scope-banner.sb-system_admin .sb-tag,#fff,#1a1a2e,text,17.06,4.5,PASS,same-rule; size unknown - assumed body
default,resting,.scope-banner.sb-system_admin .sb-tag,#fff,#1a1a2e,text,17.06,4.5,PASS,same-rule; size unknown - assumed body
(prefers-contrast: more),resting,.mode-banner,#5a4200,#fffbe6,text,9.12,4.5,PASS,same-rule; size unknown - assumed body
default,resting,.mode-banner,#5a4200,#fffbe6,text,9.12,4.5,PASS,same-rule; size unknown - assumed body
(prefers-contrast: more),resting,.mode-banner.intervention,#7a1010,#fef0f0,text,9.92,4.5,PASS,same-rule; size unknown - assumed body
default,resting,.mode-banner.intervention,#7a1010,#fef0f0,text,9.92,4.5,PASS,same-rule; size unknown - assumed body
(prefers-contrast: more),resting,.data-conf-bar,#111111,#ffe090,text,14.67,4.5,PASS,same-rule; size unknown - assumed body
(prefers-contrast: more),resting,.data-conf-bar,#6a3800,#ffe090,boundary-advisory,7.49,3.0,PASS,same-rule
default,resting,.data-conf-bar,#3a4a55,#fff3cd,text,8.27,4.5,PASS,same-rule; size unknown - assumed body
default,resting,.data-conf-bar,#c97a00,#fff3cd,boundary-advisory,3.02,3.0,PASS,same-rule
(prefers-contrast: more),resting,.data-conf-bar .dcb-label,#7a5200,#ffe090,text,5.38,4.5,PASS,ancestor .data-conf-bar; size unknown - assumed body
(prefers-contrast: more),resting,.data-conf-bar.ok,#004d24,#c0f0d8,boundary-advisory,8.0,3.0,PASS,same-rule
default,resting,.data-conf-bar.ok,#1a7f4b,#d4f0e3,boundary-advisory,4.15,3.0,PASS,same-rule
default,resting,.cm-cell-not_delivered,#455560,#f0f0f0,text,6.77,4.5,PASS,same-rule; size unknown - assumed body
(prefers-contrast: more),resting,.cm-cell-cancelled,#b5002b,#f8f0f0,text,6.24,4.5,PASS,same-rule; size unknown - assumed body
default,resting,.cm-cell-cancelled,#b5002b,#f8f0f0,text,6.24,4.5,PASS,same-rule; size unknown - assumed body
(prefers-contrast: more),resting,.cm-cell-delivered_with_issue,#7a4a00,#fdf2d8,text,6.72,4.5,PASS,same-rule; size unknown - assumed body
default,resting,.cm-cell-delivered_with_issue,#7a4a00,#fdf2d8,text,6.72,4.5,PASS,same-rule; size unknown - assumed body
(prefers-contrast: more),resting,.fac-sugg-pill.conflict,#b3122c,#fde8e8,text,5.88,4.5,PASS,same-rule; size unknown - assumed body
default,resting,.fac-sugg-pill.conflict,#b3122c,#fde8e8,text,5.88,4.5,PASS,same-rule; size unknown - assumed body
default,resting,.fac-sugg-pill.unavailable,#5c6a76,#f0f0f0,text,4.88,4.5,PASS,same-rule; size unknown - assumed body
(prefers-contrast: more),resting,.fc-pill.critical,#b00010,#fde8e8,text,6.27,4.5,PASS,same-rule; size unknown - assumed body
default,resting,.fc-pill.critical,#d41733,#fde8e8,text,4.51,4.5,PASS,same-rule; size unknown - assumed body
(prefers-contrast: more),resting,.fc-pill.not-configured,#111111,#f0f0f0,text,16.57,4.5,PASS,same-rule; size unknown - assumed body
default,resting,.fc-pill.not-configured,#3a4a55,#f0f5fa,text,8.36,4.5,PASS,same-rule; size unknown - assumed body
(prefers-contrast: more),hover,".wiz-curr-item:hover,.wiz-curr-item.sel",#002f65,#c8e6ff,text,10.17,4.5,PASS,inherited-fg + same-rule bg; size unknown - assumed body
(prefers-contrast: more),resting,.maint-banner.pending,#a06200,#c97a00,boundary-advisory,1.48,3.0,FAIL,same-rule
default,resting,.maint-banner.pending,#a06200,#c97a00,boundary-advisory,1.48,3.0,FAIL,same-rule
(prefers-contrast: more),resting,.debug-bar,#9fd0f0,#11202e,text,10.04,4.5,PASS,same-rule; size unknown - assumed body
default,resting,.debug-bar,#9fd0f0,#11202e,text,10.04,4.5,PASS,same-rule; size unknown - assumed body
(prefers-contrast: more),resting,.debug-bar b,#fff,#11202e,text,16.54,4.5,PASS,ancestor .debug-bar; size unknown - assumed body
default,resting,.debug-bar b,#fff,#11202e,text,16.54,4.5,PASS,ancestor .debug-bar; size unknown - assumed body
(prefers-contrast: more),resting,.debug-bar .warn,#ffd36b,#11202e,text,11.64,4.5,PASS,ancestor .debug-bar; size unknown - assumed body
default,resting,.debug-bar .warn,#ffd36b,#11202e,text,11.64,4.5,PASS,ancestor .debug-bar; size unknown - assumed body
default,resting,.sc-sqn-chip,#455560,#f4f8fc,text,7.23,4.5,PASS,same-rule; size unknown - assumed body
(prefers-contrast: more),resting,.ht::after,#fff,#1e2d3d,text,14.02,4.5,PASS,same-rule; size unknown - assumed body
default,resting,.ht::after,#fff,#1e2d3d,text,14.02,4.5,PASS,same-rule; size unknown - assumed body
(prefers-contrast: more),resting,.faq-cat-name::after,#404040,#777777,text,2.32,4.5,FAIL,inherited-fg + same-rule bg; size unknown - assumed body
default,resting,.faq-cat-name::after,#5c6a76,#e4edf5,text,4.69,4.5,PASS,inherited-fg + same-rule bg; size unknown - assumed body
(prefers-contrast: more),resting,.faq-item,#777777,#ffffff,boundary-advisory,4.48,3.0,PASS,same-rule
default,resting,.faq-item,#e4edf5,#ffffff,boundary-advisory,1.18,3.0,FAIL,same-rule
(prefers-contrast: more),resting,.faq-draft,#7a4800,#ffe090,text,5.92,4.5,PASS,same-rule; 9px body
(prefers-contrast: more),hover,.rte-btn:hover,#111111,#ffffff,text,18.88,4.5,PASS,inherited-fg + same-rule bg; size unknown - assumed body
(prefers-contrast: more),hover,.rte-btn:hover,#555555,#ffffff,boundary-advisory,7.46,3.0,PASS,same-rule
default,hover,.rte-btn:hover,#3a4a55,#ffffff,text,9.17,4.5,PASS,inherited-fg + same-rule bg; size unknown - assumed body
default,hover,.rte-btn:hover,#7d8ea8,#ffffff,boundary-advisory,3.33,3.0,PASS,same-rule
default,resting,.rte-area,#5c6a76,#ffffff,text,5.56,4.5,PASS,inherited-fg + same-rule bg; size unknown - assumed body
(prefers-contrast: more),resting,"const info=getCurrentUnitInfo();
  document.getElementById('dash-title').textContent=info.name+' — Training Dashboard';
  const banner=document.getElementById('dash-setup-banner');
  if(banner)",#111111,#c8e6ff,text,14.58,4.5,PASS,same-rule; size unknown - assumed body
default,resting,"const info=getCurrentUnitInfo();
  document.getElementById('dash-title').textContent=info.name+' — Training Dashboard';
  const banner=document.getElementById('dash-setup-banner');
  if(banner)",#3a4a55,#e0f0fa,text,7.86,4.5,PASS,same-rule; size unknown - assumed body
