router_file,method,full_path,function,line
backend/app/routers/accounts.py,GET,/api/accounts,list_accounts,244
backend/app/routers/accounts.py,POST,/api/accounts,create_account,282
backend/app/routers/accounts.py,GET,/api/accounts/{uid},get_account,350
backend/app/routers/accounts.py,PATCH,/api/accounts/{uid},update_account,362
backend/app/routers/accounts.py,POST,/api/accounts/{uid}/reset-code,reset_code,401
backend/app/routers/accounts.py,POST,/api/accounts/{uid}/disable,disable_account,451
backend/app/routers/accounts.py,POST,/api/accounts/{uid}/reactivate,reactivate_account,471
backend/app/routers/accounts.py,POST,/api/accounts/{uid}/archive,archive_account,493
backend/app/routers/accounts.py,POST,/api/accounts/{uid}/restore,restore_account,521
backend/app/routers/accounts.py,POST,/api/accounts/batch-archive,batch_archive_accounts,550
backend/app/routers/accounts.py,POST,/api/accounts/{uid}/unlock,unlock_account,625
backend/app/routers/accounts.py,GET,/api/flights,list_flights,670
backend/app/routers/accounts.py,POST,/api/flights,create_flight,689
backend/app/routers/accounts.py,PATCH,/api/flights/{fid},update_flight,701
backend/app/routers/accounts.py,POST,/api/flights/{fid}/archive,archive_flight,718
backend/app/routers/auth.py,POST,/api/auth/lookup,lookup,44
backend/app/routers/auth.py,POST,/api/auth/login,login,90
backend/app/routers/auth.py,POST,/api/auth/logout,logout,160
backend/app/routers/auth.py,GET,/api/auth/me,me,168
backend/app/routers/auth.py,POST,/api/auth/refresh,refresh,178
backend/app/routers/auth.py,POST,/api/auth/change-code,change_code,199
backend/app/routers/auth.py,GET,/api/auth/organisations,list_organisations,241
backend/app/routers/dashboard.py,GET,/api/dashboard/charts,get_dashboard_charts,1793
backend/app/routers/dashboard.py,GET,/api/dashboard/charts/strategic,get_strategic_charts,1953
backend/app/routers/dashboard.py,GET,/api/dashboard/facilitator-schedule,get_facilitator_schedule,1999
backend/app/routers/dashboard.py,GET,/api/dashboard/command,get_command_dashboard,2103
backend/app/routers/export_import.py,GET,/api/export/{export_type}.csv,export_csv,33
backend/app/routers/export_import.py,GET,/api/export/{export_type}.xlsx,export_xlsx,45
backend/app/routers/export_import.py,GET,/api/export/{export_type}.pdf,export_pdf,59
backend/app/routers/export_import.py,POST,/api/program-imports/preview,program_import_preview,106
backend/app/routers/health.py,GET,/api/health,health,10
backend/app/routers/health.py,GET,/api/health/db,health_db,15
backend/app/routers/health.py,GET,/api/health/ready,ready,24
backend/app/routers/health.py,GET,/api/health/ui-config,ui_config,34
backend/app/routers/jobs.py,GET,/api/jobs/{job_id},get_job,35
backend/app/routers/jobs.py,POST,/api/jobs/export,submit_export_job,61
backend/app/routers/ops.py,GET,/api/reports/summary,rep_summary,55
backend/app/routers/ops.py,GET,/api/reports/readiness,rep_readiness,66
backend/app/routers/ops.py,GET,/api/reports/curriculum-coverage,rep_coverage,87
backend/app/routers/ops.py,GET,/api/reports/facilitator-load,rep_load,107
backend/app/routers/ops.py,GET,/api/reports/not-delivered,rep_nd,126
backend/app/routers/ops.py,GET,/api/reports/wing-overview,wing_overview,135
backend/app/routers/ops.py,GET,/api/reports/wing-cancellation-trend,wing_cancellation_trend,185
backend/app/routers/ops.py,GET,/api/reports/wing-not-delivered,wing_not_delivered,223
backend/app/routers/ops.py,GET,/api/reports/wing-phase-coverage,wing_phase_coverage,247
backend/app/routers/ops.py,GET,/api/reports/wing-capability,wing_capability,342
backend/app/routers/ops.py,GET,/api/reports/national-capability,national_capability,371
backend/app/routers/ops.py,GET,/api/reports/national-overview,national_overview,390
backend/app/routers/ops.py,GET,/api/action-items,list_actions,416
backend/app/routers/ops.py,POST,/api/action-items,add_action,424
backend/app/routers/ops.py,POST,/api/action-items/{aid}/close,close_action,438
backend/app/routers/ops.py,POST,/api/exceptions/run-checks,run_checks,452
backend/app/routers/ops.py,POST,/api/import/preview,import_preview,496
backend/app/routers/ops.py,POST,/api/import/commit,import_commit,512
backend/app/routers/ops.py,POST,/api/import/rollback,import_rollback,556
backend/app/routers/organisations.py,GET,/api/national/overview,national_overview,23
backend/app/routers/organisations.py,GET,/api/wings,list_wings,34
backend/app/routers/organisations.py,POST,/api/wings,create_wing,50
backend/app/routers/organisations.py,GET,/api/wings/{wing_id}/archive-impact,wing_archive_impact,80
backend/app/routers/organisations.py,POST,/api/wings/{wing_id}/archive,archive_wing,135
backend/app/routers/organisations.py,POST,/api/wings/{wing_id}/restore,restore_wing,163
backend/app/routers/organisations.py,GET,/api/squadrons,list_squadrons,181
backend/app/routers/organisations.py,POST,/api/squadrons,create_squadron,208
backend/app/routers/organisations.py,GET,/api/squadrons/{squadron_id}/archive-impact,squadron_archive_impact,253
backend/app/routers/organisations.py,POST,/api/squadrons/{squadron_id}/archive,archive_squadron,335
backend/app/routers/organisations.py,POST,/api/squadrons/{squadron_id}/restore,restore_squadron,367
backend/app/routers/organisations.py,GET,/api/squadrons/{squadron_id},get_squadron,393
backend/app/routers/organisations.py,PATCH,/api/squadrons/{squadron_id},update_squadron,411
backend/app/routers/organisations.py,GET,/api/users,list_users,435
backend/app/routers/organisations.py,POST,/api/proxy/enter/{squadron_id},enter_proxy,477
backend/app/routers/organisations.py,POST,/api/proxy/exit,exit_proxy,509
backend/app/routers/organisations.py,GET,/api/proxy/current,current_proxy,521
backend/app/routers/organisations.py,GET,/api/audit,get_audit,531
backend/app/routers/planning.py,GET,/api/planning/years,list_planning_years,417
backend/app/routers/planning.py,POST,/api/planning/years,create_planning_year,453
backend/app/routers/planning.py,GET,/api/planning/years/{year_id},get_planning_year,486
backend/app/routers/planning.py,PATCH,/api/planning/years/{year_id},update_planning_year,501
backend/app/routers/planning.py,GET,/api/planning/years/{year_id}/parade-dates,list_parade_dates,550
backend/app/routers/planning.py,POST,/api/planning/years/{year_id}/parade-dates,add_parade_date,578
backend/app/routers/planning.py,POST,/api/planning/years/{year_id}/preview-parade-dates,preview_parade_dates,682
backend/app/routers/planning.py,POST,/api/planning/years/{year_id}/generate-parade-dates,generate_parade_dates,705
backend/app/routers/planning.py,POST,/api/planning/years/{year_id}/update-future-parade-day,update_future_parade_day,777
backend/app/routers/planning.py,DELETE,/api/planning/parade-dates/{date_id},delete_parade_date,934
backend/app/routers/planning.py,GET,/api/planning/years/{year_id}/holidays,list_holidays,979
backend/app/routers/planning.py,POST,/api/planning/years/{year_id}/holidays,add_holiday,992
backend/app/routers/planning.py,DELETE,/api/planning/holidays/{holiday_id},delete_holiday,1015
backend/app/routers/planning.py,GET,/api/planning/years/{year_id}/anchors,list_anchors,1066
backend/app/routers/planning.py,POST,/api/planning/years/{year_id}/anchors,create_anchor,1087
backend/app/routers/planning.py,PATCH,/api/planning/anchors/{anchor_id},update_anchor,1122
backend/app/routers/planning.py,DELETE,/api/planning/anchors/{anchor_id},archive_anchor,1147
backend/app/routers/planning.py,GET,/api/planning/anchors/{anchor_id}/prep-suggestions,get_prep_suggestions,1164
backend/app/routers/planning.py,GET,/api/planning/years/{year_id}/term-planner,get_term_planner,1220
backend/app/routers/planning.py,GET,/api/planning/parade-dates/{date_id}/builder,get_builder,1286
backend/app/routers/planning.py,POST,/api/planning/parade-dates/{date_id}/sessions,create_session,1393
backend/app/routers/planning.py,GET,/api/planning/sessions/{session_id},get_session,1466
backend/app/routers/planning.py,PATCH,/api/planning/sessions/{session_id},update_session,1481
backend/app/routers/planning.py,DELETE,/api/planning/sessions/{session_id},delete_session,1539
backend/app/routers/planning.py,GET,/api/planning/parade-dates/{date_id}/weekly-program,get_weekly_program,1561
backend/app/routers/planning.py,GET,/api/planning/years/{year_id}/long-range,get_long_range,1627
backend/app/routers/planning.py,GET,/api/planning/locations,list_locations,1724
backend/app/routers/planning.py,POST,/api/planning/locations,create_location,1746
backend/app/routers/planning.py,PATCH,/api/planning/locations/{location_id},update_location,1768
backend/app/routers/planning.py,GET,/api/planning/facilitators,list_planning_facilitators,1801
backend/app/routers/planning.py,GET,/api/planning/years/{year_id}/conflicts,get_conflicts,1913
backend/app/routers/planning.py,POST,/api/planning/conflicts/{conflict_id}/override,override_conflict,1935
backend/app/routers/planning.py,POST,/api/planning/years/{year_id}/run-checks,run_checks,1958
backend/app/routers/planning.py,GET,/api/planning/years/{year_id}/decision-guide,get_decision_guide,1981
backend/app/routers/planning.py,GET,/api/planning/command-centre,get_command_centre,2065
backend/app/routers/planning.py,GET,/api/planning/prep-rules,list_prep_rules,2266
backend/app/routers/planning.py,GET,/api/planning/years/{year_id}/missions,list_missions,2331
backend/app/routers/planning.py,POST,/api/planning/years/{year_id}/assign-mission,assign_mission,2540
backend/app/routers/planning.py,GET,/api/planning/years/{year_id}/annual-program,get_annual_program,2615
backend/app/routers/planning.py,POST,/api/planning/years/{year_id}/rollover,rollover_year,2828
backend/app/routers/planning.py,GET,/api/planning/years/{year_id}/export.xlsx,export_annual_program_xlsx,2957
backend/app/routers/planning.py,GET,/api/planning/years/{year_id}/schedule/export.xlsx,export_schedule_xlsx,3023
backend/app/routers/planning.py,POST,/api/planning/years/{year_id}/schedule/import,import_schedule_xlsx,3095
backend/app/routers/planning.py,POST,/api/planning/years/{year_id}/import-program,import_annual_program,3272
backend/app/routers/planning.py,GET,/api/planning/facilitators/{fac_id}/leave,list_facilitator_leave,3463
backend/app/routers/planning.py,POST,/api/planning/facilitators/{fac_id}/leave,add_facilitator_leave,3498
backend/app/routers/planning.py,DELETE,/api/planning/facilitator-leave/{leave_id},delete_facilitator_leave,3571
backend/app/routers/planning.py,GET,/api/planning/years/{year_id}/facilitators/{fac_id}/workload,facilitator_workload,3591
backend/app/routers/planning.py,GET,/api/planning/years/{year_id}/night-summaries,night_summaries,3688
backend/app/routers/planning.py,GET,/api/planning/parade-dates/{date_id}/notices,list_notices,3812
backend/app/routers/planning.py,POST,/api/planning/parade-dates/{date_id}/notices,create_notice,3835
backend/app/routers/planning.py,PATCH,/api/planning/notices/{notice_id},update_notice,3868
backend/app/routers/planning.py,POST,/api/planning/notices/{notice_id}/archive,archive_notice,3894
backend/app/routers/planning.py,GET,/api/planning/years/{year_id}/cea/activities,list_cea_activities,3952
backend/app/routers/planning.py,GET,/api/planning/years/{year_id}/cea/batches,list_cea_batches,3991
backend/app/routers/planning.py,POST,/api/planning/years/{year_id}/cea/import,import_cea_csv,4073
backend/app/routers/planning.py,PATCH,/api/planning/cea/{activity_id}/classify,classify_cea_activity,4228
backend/app/routers/planning.py,POST,/api/planning/cea/{activity_id}/local-hide,set_local_hide,4274
backend/app/routers/planning.py,POST,/api/planning/years/{year_id}/cea/activities,create_manual_activity,4330
backend/app/routers/program.py,GET,/api/phases,list_phases,27
backend/app/routers/program.py,GET,/api/program-packages,list_packages,53
backend/app/routers/program.py,POST,/api/program-packages,create_package,77
backend/app/routers/program.py,GET,/api/program-items,list_items,136
backend/app/routers/program.py,GET,/api/program-items/{item_id},get_item,142
backend/app/routers/program.py,POST,/api/program-items,create_item,153
backend/app/routers/program.py,POST,/api/program-items/{item_id}/retire,retire_item,171
backend/app/routers/program.py,GET,/api/learning-hub-resources,list_lh,184
backend/app/routers/program.py,GET,/api/learning-hub-resources/missing,lh_missing,193
backend/app/routers/program.py,GET,/api/program-coverage/squadron,coverage_squadron,201
backend/app/routers/program.py,GET,/api/program-coverage/wing,coverage_wing,220
backend/app/routers/program.py,POST,/api/program-promotion/squadron-to-wing,promote_sq_to_wing,246
backend/app/routers/program.py,GET,/api/program-promotion/requests,list_promotions,259
backend/app/routers/program.py,POST,/api/program-promotion/{req_id}/approve,approve_promotion,266
backend/app/routers/setup.py,GET,/api/setup/status,setup_status,27
backend/app/routers/system.py,GET,/api/system/overview,system_overview,80
backend/app/routers/system.py,GET,/api/system/health,system_health,107
backend/app/routers/system.py,GET,/api/system/version,system_version,128
backend/app/routers/system.py,GET,/api/system/migrations,system_migrations,136
backend/app/routers/system.py,GET,/api/system/maintenance,get_maintenance,167
backend/app/routers/system.py,POST,/api/system/maintenance/enable,enable_maintenance,188
backend/app/routers/system.py,POST,/api/system/maintenance/disable,disable_maintenance,212
backend/app/routers/system.py,GET,/api/system/scope-map,scope_map,228
backend/app/routers/system.py,GET,/api/system/audit-summary,audit_summary,260
backend/app/routers/system.py,GET,/api/system/backups,list_backups,298
backend/app/routers/system.py,POST,/api/system/backups,create_backup,314
backend/app/routers/system.py,GET,/api/system/backups/pg-dump,pg_dump_backup,343
backend/app/routers/system.py,POST,/api/system/bootstrap-staging,bootstrap_staging,430
backend/app/routers/system.py,POST,/api/system/reset-rate-limits,reset_rate_limits,551
backend/app/routers/timing.py,GET,/api/timing-templates,list_timing_templates,236
backend/app/routers/timing.py,POST,/api/timing-templates,create_timing_template,263
backend/app/routers/timing.py,GET,/api/timing-templates/effective,get_effective_template,315
backend/app/routers/timing.py,GET,/api/timing-templates/{tid},get_timing_template,344
backend/app/routers/timing.py,PATCH,/api/timing-templates/{tid},update_timing_template,361
backend/app/routers/timing.py,POST,/api/timing-templates/{tid}/archive,archive_timing_template,407
backend/app/routers/timing.py,POST,/api/timing-templates/{tid}/apply-from-date,apply_from_date,436
backend/app/routers/timing.py,GET,/api/parade-nights/{pnid}/timing,get_parade_timing,495
backend/app/routers/timing.py,POST,/api/parade-nights/{pnid}/timing-override,set_timing_override,539
backend/app/routers/timing.py,DELETE,/api/parade-nights/{pnid}/timing-override,remove_timing_override,598
backend/app/routers/training.py,GET,/api/curriculum,list_curriculum,96
backend/app/routers/training.py,GET,/api/curriculum/export.xlsx,export_curriculum_xlsx,162
backend/app/routers/training.py,GET,/api/curriculum/{cid}/sessions,curriculum_sessions,219
backend/app/routers/training.py,GET,/api/parade-nights,list_parades,235
backend/app/routers/training.py,GET,/api/parade-nights/{pnid},get_parade,252
backend/app/routers/training.py,POST,/api/parade-nights,create_parade,270
backend/app/routers/training.py,POST,/api/sessions,create_session,398
backend/app/routers/training.py,PUT,/api/sessions/{sid},edit_session,414
backend/app/routers/training.py,POST,/api/sessions/{sid}/status,set_status,512
backend/app/routers/training.py,POST,/api/parade-nights/{pnid}/publish,publish,560
backend/app/routers/training.py,POST,/api/parade-nights/{pnid}/close,close,579
backend/app/routers/training.py,GET,/api/facilitators,list_facs,633
backend/app/routers/training.py,POST,/api/facilitators,add_fac,658
backend/app/routers/training.py,GET,/api/facilitators/import/template.csv,facilitator_import_template,712
backend/app/routers/training.py,POST,/api/facilitators/import,import_facilitators_csv,763
backend/app/routers/training.py,PATCH,/api/facilitators/{fid},update_fac,900
backend/app/routers/training.py,GET,/api/facilitators/{fid}/stats,fac_stats,924
backend/app/routers/training.py,GET,/api/training-areas,list_rooms,941
backend/app/routers/training.py,GET,/api/equipment,list_equipment,950
backend/app/routers/training.py,GET,/api/resources/clashes,resource_clashes,959
backend/app/routers/training.py,GET,/api/cadets,list_cadets,983
backend/app/routers/training.py,GET,/api/cadets/risk,cadet_risk,1005
backend/app/routers/training.py,GET,/api/parade-nights/{pnid}/builder,parade_night_builder,1026
backend/app/routers/training.py,DELETE,/api/parade-nights/{pnid},delete_parade,1079
backend/app/routers/training.py,DELETE,/api/facilitators/{fid},delete_fac,1095
backend/app/routers/training.py,POST,/api/training-areas,create_room,1128
backend/app/routers/training.py,PATCH,/api/training-areas/{rid},update_room,1147
backend/app/routers/training.py,DELETE,/api/training-areas/{rid},delete_room,1170
backend/app/routers/training.py,POST,/api/equipment,create_equip,1199
backend/app/routers/training.py,PATCH,/api/equipment/{eid},update_equip,1218
backend/app/routers/training.py,DELETE,/api/equipment/{eid},delete_equip,1240
backend/app/routers/training.py,GET,/api/activities,list_activities,1406
backend/app/routers/training.py,GET,/api/activities/{aid},get_activity,1514
backend/app/routers/training.py,POST,/api/activities,create_activity,1542
backend/app/routers/training.py,POST,/api/activities/wing,create_wing_activity,1564
backend/app/routers/training.py,POST,/api/activities/national,create_national_activity,1588
backend/app/routers/training.py,PATCH,/api/activities/{aid},update_activity,1604
backend/app/routers/training.py,DELETE,/api/activities/{aid},delete_activity,1638
backend/app/routers/training.py,POST,/api/activities/generate,generate_activities,1756
backend/app/routers/training.py,GET,/api/curriculum/elements,list_elements,1949
backend/app/routers/training.py,POST,/api/curriculum/elements,create_element,1957
backend/app/routers/training.py,POST,/api/curriculum/elements/{eid}/archive,archive_element,1991
backend/app/routers/training.py,GET,/api/curriculum/phases,list_phases,2140
backend/app/routers/training.py,POST,/api/curriculum/phases,create_phase,2150
backend/app/routers/training.py,POST,/api/curriculum/phases/{phid}/archive,archive_phase,2189
backend/app/routers/training.py,POST,/api/curriculum,create_curriculum,2295
backend/app/routers/training.py,POST,/api/curriculum/wing,create_wing_curriculum,2329
backend/app/routers/training.py,POST,/api/curriculum/national,create_national_curriculum,2365
backend/app/routers/training.py,PATCH,/api/curriculum/{cid},update_curriculum,2398
backend/app/routers/training.py,DELETE,/api/curriculum/{cid},delete_curriculum,2437
backend/app/routers/training.py,POST,/api/curriculum/import,import_curriculum,2465
backend/app/routers/training.py,POST,/api/curriculum/import-xlsm,import_curriculum_xlsm,2662
backend/app/routers/training.py,POST,/api/curriculum/import-csv,import_curriculum_csv,2820
backend/app/routers/training.py,POST,/api/activities/import-cea,import_activities_cea,2902
backend/app/routers/training.py,GET,/api/subject-area-tags,list_subject_area_tags,2959
backend/app/routers/training.py,POST,/api/subject-area-tags,create_subject_area_tag,2985
backend/app/routers/training.py,DELETE,/api/subject-area-tags/{tag_id},archive_subject_area_tag,3044
backend/app/routers/wing_calendar.py,GET,/api/wing-calendar/events,list_wing_events,293
backend/app/routers/wing_calendar.py,GET,/api/wing-calendar/events/{event_id},get_wing_event,349
backend/app/routers/wing_calendar.py,POST,/api/wing-calendar/events,create_wing_event,368
backend/app/routers/wing_calendar.py,PATCH,/api/wing-calendar/events/{event_id},update_wing_event,425
backend/app/routers/wing_calendar.py,POST,/api/wing-calendar/events/{event_id}/archive,archive_wing_event,478
backend/app/routers/wing_calendar.py,POST,/api/wing-calendar/events/{event_id}/curriculum-links,add_curriculum_link,499
backend/app/routers/wing_calendar.py,DELETE,/api/wing-calendar/events/{event_id}/curriculum-links/{curriculum_item_id},remove_curriculum_link,537
backend/app/routers/wing_calendar.py,PATCH,/api/wing-calendar/events/{event_id}/squadron-status,update_squadron_status,564
backend/app/routers/wing_calendar.py,GET,/api/wing-calendar/squadron-overlay,get_squadron_overlay,627
