file,kind,name,line
connected-frontend/index.html,function,uid,2773
connected-frontend/index.html,function,tokenGet,2787
connected-frontend/index.html,function,tokenSet,2788
connected-frontend/index.html,function,tokenClear,2789
connected-frontend/index.html,function,api,2790
connected-frontend/index.html,function,apiErr,2868
connected-frontend/index.html,function,gate,2875
connected-frontend/index.html,function,_loadOrgs,2893
connected-frontend/index.html,function,_populateWingSelect,2900
connected-frontend/index.html,function,onAuthWingChange,2913
connected-frontend/index.html,const-arrow,wing,2927
connected-frontend/index.html,function,onAuthTypeChange,2946
connected-frontend/index.html,function,onAuthFieldChange,2974
connected-frontend/index.html,function,doLookup,2992
connected-frontend/index.html,function,_resetContinue,3003
connected-frontend/index.html,const-arrow,w,3013
connected-frontend/index.html,function,showAuthStep1,3034
connected-frontend/index.html,function,doLogin,3047
connected-frontend/index.html,const-arrow,tick,3060
connected-frontend/index.html,function,_resetForm,3062
connected-frontend/index.html,function,doLogout,3092
connected-frontend/index.html,function,applySession,3101
connected-frontend/index.html,function,getScopeType,3116
connected-frontend/index.html,function,getCurrentUnitInfo,3125
connected-frontend/index.html,function,canRead,3134
connected-frontend/index.html,function,isReadOnly,3135
connected-frontend/index.html,function,canWriteSquadron,3137
connected-frontend/index.html,function,canWriteWing,3144
connected-frontend/index.html,function,canWriteNational,3145
connected-frontend/index.html,function,canWritePlan,3148
connected-frontend/index.html,function,proxyActive,3154
connected-frontend/index.html,function,proxyMode,3155
connected-frontend/index.html,function,isProxyRequired,3157
connected-frontend/index.html,function,isInterventionRequired,3158
connected-frontend/index.html,function,_facName,3163
connected-frontend/index.html,function,loadData,3164
connected-frontend/index.html,const-arrow,p_uicfg,3179
connected-frontend/index.html,const-arrow,p_tags,3180
connected-frontend/index.html,const-arrow,p_pns,3181
connected-frontend/index.html,const-arrow,p_facs,3182
connected-frontend/index.html,const-arrow,p_cur,3183
connected-frontend/index.html,const-arrow,p_phases,3184
connected-frontend/index.html,const-arrow,p_ta,3185
connected-frontend/index.html,const-arrow,p_eq,3186
connected-frontend/index.html,const-arrow,p_ai,3187
connected-frontend/index.html,const-arrow,p_acts,3188
connected-frontend/index.html,const-arrow,p_proxy,3189
connected-frontend/index.html,const-arrow,p_sum,3190
connected-frontend/index.html,const-arrow,p_read,3191
connected-frontend/index.html,const-arrow,p_cov,3192
connected-frontend/index.html,const-arrow,p_fload,3193
connected-frontend/index.html,const-arrow,p_ndel,3194
connected-frontend/index.html,const-arrow,p_sqnData,3195
connected-frontend/index.html,const-arrow,_parseAreas,3236
connected-frontend/index.html,function,save,3276
connected-frontend/index.html,function,reloadAndRender,3277
connected-frontend/index.html,function,apiSetSessionStatus,3280
connected-frontend/index.html,function,showToast,3288
connected-frontend/index.html,function,collectOutcomeReason,3306
connected-frontend/index.html,function,_orSave,3317
connected-frontend/index.html,function,_orCancel,3326
connected-frontend/index.html,function,apiPublishPN,3334
connected-frontend/index.html,function,apiClosePN,3335
connected-frontend/index.html,function,apiAddActionItem,3336
connected-frontend/index.html,function,apiCloseActionItem,3337
connected-frontend/index.html,function,apiEnterProxy,3338
connected-frontend/index.html,function,apiExitProxy,3339
connected-frontend/index.html,function,key,3341
connected-frontend/index.html,function,allCurr,3342
connected-frontend/index.html,function,facById,3343
connected-frontend/index.html,function,facDisplay,3344
connected-frontend/index.html,function,roomById,3345
connected-frontend/index.html,function,effectiveScope,3372
connected-frontend/index.html,function,saBrowseWingId,3384
connected-frontend/index.html,function,saBrowseSquadronId,3385
connected-frontend/index.html,function,saRenderScopeBar,3387
connected-frontend/index.html,const-arrow,sqnsInWing,3404
connected-frontend/index.html,function,saSelectWing,3417
connected-frontend/index.html,function,saSelectSquadron,3424
connected-frontend/index.html,function,saEnterIntervention,3432
connected-frontend/index.html,const-arrow,sqn,3434
connected-frontend/index.html,function,applyNavScope,3438
connected-frontend/index.html,function,updateScopeBanner,3470
connected-frontend/index.html,function,updateModeBanner,3485
connected-frontend/index.html,const-arrow,sq,3489
connected-frontend/index.html,function,updateDebugBar,3499
connected-frontend/index.html,const-arrow,dev,3501
connected-frontend/index.html,function,bootApp,3510
connected-frontend/index.html,const-arrow,setVal,3565
connected-frontend/index.html,function,renderAll,3575
connected-frontend/index.html,function,nav,3593
connected-frontend/index.html,function,loadGettingStarted,3623
connected-frontend/index.html,function,_gsStepRow,3638
connected-frontend/index.html,function,_renderGsSections,3647
connected-frontend/index.html,function,loadSystemConsole,3672
connected-frontend/index.html,function,scLoadOverview,3689
connected-frontend/index.html,const-arrow,coldTimer,3694
connected-frontend/index.html,function,scLoadHealth,3714
connected-frontend/index.html,function,_refreshOrgCache,3729
connected-frontend/index.html,function,scLoadScopeMap,3743
connected-frontend/index.html,const-arrow,chips,3752
connected-frontend/index.html,function,scArchiveWing,3774
connected-frontend/index.html,function,scRestoreWing,3784
connected-frontend/index.html,function,scArchiveSquadron,3793
connected-frontend/index.html,function,scRestoreSquadron,3803
connected-frontend/index.html,function,scPopulateWingSelect,3812
connected-frontend/index.html,function,scCreateWing,3825
connected-frontend/index.html,function,scCreateSquadron,3843
connected-frontend/index.html,function,scLoadMaintenance,3861
connected-frontend/index.html,function,scEnableMaint,3878
connected-frontend/index.html,function,scDisableMaint,3890
connected-frontend/index.html,function,scLoadBackups,3899
connected-frontend/index.html,function,scCreateBackup,3927
connected-frontend/index.html,function,scDownloadPgDump,3935
connected-frontend/index.html,const-arrow,body,3943
connected-frontend/index.html,function,scLoadAudit,3961
connected-frontend/index.html,function,scImportCurriculum,3984
connected-frontend/index.html,const-arrow,failed,4012
connected-frontend/index.html,function,scBootstrapStaging,4025
connected-frontend/index.html,function,renderAccounts,4069
connected-frontend/index.html,function,_acctCanBulk,4145
connected-frontend/index.html,function,_renderAccountTable,4147
connected-frontend/index.html,const-arrow,rows,4156
connected-frontend/index.html,const-arrow,selectableRows,4176
connected-frontend/index.html,const-arrow,visibleSelectedCount,4177
connected-frontend/index.html,const-arrow,unit,4180
connected-frontend/index.html,const-arrow,isLocked,4187
connected-frontend/index.html,const-arrow,statusBadge,4188
connected-frontend/index.html,const-arrow,lastLogin,4194
connected-frontend/index.html,const-arrow,lastChanged,4195
connected-frontend/index.html,const-arrow,actions,4197
connected-frontend/index.html,function,_acctSelectionBarHtml,4231
connected-frontend/index.html,function,_acctToggleOne,4243
connected-frontend/index.html,function,_acctToggleAll,4248
connected-frontend/index.html,const-arrow,visible,4254
connected-frontend/index.html,function,_acctClearSelection,4266
connected-frontend/index.html,function,_renderFlightTable,4268
connected-frontend/index.html,const-arrow,sqnName,4274
connected-frontend/index.html,const-arrow,renameBtn,4275
connected-frontend/index.html,const-arrow,archiveBtn,4276
connected-frontend/index.html,function,_jsAttr,4295
connected-frontend/index.html,function,_renderWingsTable,4300
connected-frontend/index.html,const-arrow,sqnCount,4305
connected-frontend/index.html,function,_renderUnitsTable,4319
connected-frontend/index.html,const-arrow,canArchive,4325
connected-frontend/index.html,const-arrow,wName,4326
connected-frontend/index.html,function,openCreateWingModal,4339
connected-frontend/index.html,function,doCreateWing,4345
connected-frontend/index.html,function,openCreateSqnModal,4362
connected-frontend/index.html,function,doCreateSqn,4381
connected-frontend/index.html,function,openCreateAccountModal,4415
connected-frontend/index.html,function,_populateCreateWings,4444
connected-frontend/index.html,function,_populateCreateSqns,4453
connected-frontend/index.html,const-arrow,src,4455
connected-frontend/index.html,const-arrow,own,4459
connected-frontend/index.html,function,onCreateAccountRoleChange,4464
connected-frontend/index.html,function,onCreateAccountWingChange,4476
connected-frontend/index.html,function,onCreateAccountSqnChange,4481
connected-frontend/index.html,function,onCodeModeChange,4486
connected-frontend/index.html,function,doCreateAccount,4491
connected-frontend/index.html,function,_showNewCodeModal,4529
connected-frontend/index.html,function,closeNewCodeModal,4536
connected-frontend/index.html,function,copyNewCode,4541
connected-frontend/index.html,function,openAccountResetCode,4553
connected-frontend/index.html,function,onResetCodeModeChange,4561
connected-frontend/index.html,function,doAccountResetCode,4565
connected-frontend/index.html,function,doDisableAccount,4583
connected-frontend/index.html,function,doReactivateAccount,4590
connected-frontend/index.html,function,doRestoreAccount,4597
connected-frontend/index.html,function,doUnlockAccount,4605
connected-frontend/index.html,function,_acctOpenWizard,4618
connected-frontend/index.html,const-arrow,byId,4621
connected-frontend/index.html,const-arrow,accounts,4622
connected-frontend/index.html,function,_wizClose,4628
connected-frontend/index.html,function,_wizRemove,4633
connected-frontend/index.html,function,_wizBack,4640
connected-frontend/index.html,function,_wizNext,4641
connected-frontend/index.html,function,_wizReasonInput,4642
connected-frontend/index.html,function,_wizConfirmToggle,4643
connected-frontend/index.html,function,_wizEffectiveInput,4644
connected-frontend/index.html,function,_wizReasonValid,4645
connected-frontend/index.html,function,_wizStep3Valid,4646
connected-frontend/index.html,function,_wizSubmit,4648
connected-frontend/index.html,function,_wizViewBatchAudit,4673
connected-frontend/index.html,function,_wizRender,4689
connected-frontend/index.html,function,_wizRenderFoot,4760
connected-frontend/index.html,function,_orgOpenWizard,4789
connected-frontend/index.html,function,_owzClose,4794
connected-frontend/index.html,function,_owzBack,4795
connected-frontend/index.html,function,_owzNext,4797
connected-frontend/index.html,function,_owzLoadImpact,4803
connected-frontend/index.html,function,_owzNestedToggle,4815
connected-frontend/index.html,function,_owzArchiveNestedAccounts,4823
connected-frontend/index.html,function,_owzConfirmToggle,4836
connected-frontend/index.html,function,_owzSubmit,4838
connected-frontend/index.html,function,_owzRender,4859
connected-frontend/index.html,function,_owzRenderFoot,4921
connected-frontend/index.html,function,openCreateFlightModal,4946
connected-frontend/index.html,const-arrow,own,4953
connected-frontend/index.html,function,doCreateFlight,4958
connected-frontend/index.html,function,doArchiveFlight,4971
connected-frontend/index.html,function,openEditAccountModal,4981
connected-frontend/index.html,const-arrow,u,4982
connected-frontend/index.html,function,doEditAccount,4999
connected-frontend/index.html,function,openRenameFlightModal,5019
connected-frontend/index.html,function,doRenameFlight,5025
connected-frontend/index.html,function,renderSettings,5039
connected-frontend/index.html,function,renderUserDir,5052
connected-frontend/index.html,const-arrow,rows,5059
connected-frontend/index.html,const-arrow,unit,5065
connected-frontend/index.html,function,openResetCodeModal,5075
connected-frontend/index.html,function,doResetCode,5086
connected-frontend/index.html,function,fmtD,5107
connected-frontend/index.html,function,fmtDL,5108
connected-frontend/index.html,function,today,5109
connected-frontend/index.html,function,elBadge,5116
connected-frontend/index.html,function,phBadge,5117
connected-frontend/index.html,function,stBadge,5118
connected-frontend/index.html,function,stCls,5123
connected-frontend/index.html,function,allSess,5125
connected-frontend/index.html,function,drillStatus,5134
connected-frontend/index.html,const-arrow,sess,5135
connected-frontend/index.html,function,showDrill,5139
connected-frontend/index.html,function,hideDrill,5153
connected-frontend/index.html,function,drillPhaseDash,5154
connected-frontend/index.html,const-arrow,sess,5155
connected-frontend/index.html,function,_dEmptyChart,5162
connected-frontend/index.html,function,_dSetInsight,5164
connected-frontend/index.html,function,_dSetExp,5166
connected-frontend/index.html,function,_chartHBar,5169
connected-frontend/index.html,const-arrow,maxV,5174
connected-frontend/index.html,const-arrow,colorFor,5175
connected-frontend/index.html,const-arrow,lblFor,5181
connected-frontend/index.html,function,_chartStackedBar,5202
connected-frontend/index.html,const-arrow,totals,5205
connected-frontend/index.html,function,_chartStackedBarH,5223
connected-frontend/index.html,const-arrow,maxV,5227
connected-frontend/index.html,const-arrow,total,5231
connected-frontend/index.html,function,_chartLine,5249
connected-frontend/index.html,const-arrow,vals,5253
connected-frontend/index.html,const-arrow,defined,5254
connected-frontend/index.html,const-arrow,xOf,5256
connected-frontend/index.html,const-arrow,yOf,5257
connected-frontend/index.html,const-arrow,pts,5258
connected-frontend/index.html,const-arrow,path,5259
connected-frontend/index.html,function,_chartDonut,5281
connected-frontend/index.html,const-arrow,total,5283
connected-frontend/index.html,const-arrow,clr,5287
connected-frontend/index.html,const-arrow,arcs,5289
connected-frontend/index.html,const-arrow,conicArgs,5290
connected-frontend/index.html,const-arrow,legend,5291
connected-frontend/index.html,function,_renderTonightReadiness,5301
connected-frontend/index.html,const-arrow,unstaffedCount,5316
connected-frontend/index.html,const-arrow,sessHtml,5317
connected-frontend/index.html,function,_renderUpcomingReadiness,5343
connected-frontend/index.html,function,_renderHeatmap,5367
connected-frontend/index.html,const-arrow,subjects,5369
connected-frontend/index.html,function,_chartGroupedBar,5379
connected-frontend/index.html,const-arrow,maxV,5382
connected-frontend/index.html,function,_dRenderChart,5399
connected-frontend/index.html,function,loadDashCharts,5408
connected-frontend/index.html,function,loadFacilitatorStats,5478
connected-frontend/index.html,function,_loadDashStrategic,5491
connected-frontend/index.html,function,drillDashChart,5509
connected-frontend/index.html,const-arrow,sess,5511
connected-frontend/index.html,function,renderDash,5519
connected-frontend/index.html,function,renderCal,5528
connected-frontend/index.html,const-arrow,pn,5537
connected-frontend/index.html,const-arrow,acts,5538
connected-frontend/index.html,function,calMove,5551
connected-frontend/index.html,function,openWithDate,5552
connected-frontend/index.html,function,renderPN,5557
connected-frontend/index.html,const-arrow,sorted,5561
connected-frontend/index.html,const-arrow,filtered,5562
connected-frontend/index.html,function,buildPNCard,5572
connected-frontend/index.html,const-arrow,allDel,5573
connected-frontend/index.html,const-arrow,sessCards,5574
connected-frontend/index.html,function,qkSt,5598
connected-frontend/index.html,const-arrow,pn,5599
connected-frontend/index.html,function,delPN,5610
connected-frontend/index.html,const-arrow,pn,5611
connected-frontend/index.html,function,buildSlots,5619
connected-frontend/index.html,const-arrow,currOpts,5621
connected-frontend/index.html,const-arrow,facOpts,5622
connected-frontend/index.html,const-arrow,roomOpts,5623
connected-frontend/index.html,const-arrow,phaseOpts,5626
connected-frontend/index.html,function,addPN,5654
connected-frontend/index.html,const-arrow,m,5668
connected-frontend/index.html,function,showPNDetail,5690
connected-frontend/index.html,const-arrow,pn,5691
connected-frontend/index.html,const-arrow,currOpts,5693
connected-frontend/index.html,const-arrow,facOpts,5694
connected-frontend/index.html,const-arrow,roomOpts,5695
connected-frontend/index.html,const-arrow,phOpts,5699
connected-frontend/index.html,const-arrow,stOpts,5702
connected-frontend/index.html,function,savePNDetail,5756
connected-frontend/index.html,const-arrow,pn,5757
connected-frontend/index.html,const-arrow,ci,5779
connected-frontend/index.html,const-arrow,room,5780
connected-frontend/index.html,function,_sessBuildBody,5803
connected-frontend/index.html,const-arrow,ci,5804
connected-frontend/index.html,const-arrow,room,5805
connected-frontend/index.html,function,_showConflictPrompt,5817
connected-frontend/index.html,const-arrow,label,5820
connected-frontend/index.html,function,_scResolve,5827
connected-frontend/index.html,function,_sessMove,5832
connected-frontend/index.html,function,_sessMoveUpDown,5848
connected-frontend/index.html,const-arrow,pn,5854
connected-frontend/index.html,function,_sessOpenMoveTo,5867
connected-frontend/index.html,const-arrow,pn,5868
connected-frontend/index.html,const-arrow,others,5872
connected-frontend/index.html,function,_sessMoveToCancel,5878
connected-frontend/index.html,function,_sessMoveToConfirm,5880
connected-frontend/index.html,const-arrow,pn,5883
connected-frontend/index.html,const-arrow,targetPn,5886
connected-frontend/index.html,function,_sessDragStart,5908
connected-frontend/index.html,const-arrow,pn,5909
connected-frontend/index.html,function,_sessDragEnd,5915
connected-frontend/index.html,function,_sessWouldConflict,5923
connected-frontend/index.html,const-arrow,pn,5924
connected-frontend/index.html,function,_sessDragOver,5932
connected-frontend/index.html,function,_sessDragLeave,5940
connected-frontend/index.html,function,_sessDrop,5941
connected-frontend/index.html,const-arrow,pn,5947
connected-frontend/index.html,function,quickEdit,5960
connected-frontend/index.html,const-arrow,pn,5962
connected-frontend/index.html,const-arrow,currOpts,5964
connected-frontend/index.html,const-arrow,facOpts,5965
connected-frontend/index.html,const-arrow,roomOpts,5966
connected-frontend/index.html,const-arrow,stOpts,5967
connected-frontend/index.html,function,saveSessEdit,5975
connected-frontend/index.html,const-arrow,pn,5977
connected-frontend/index.html,const-arrow,ci,5984
connected-frontend/index.html,const-arrow,room,5985
connected-frontend/index.html,function,populateWPDD,6017
connected-frontend/index.html,const-arrow,sorted,6019
connected-frontend/index.html,function,renderWP,6022
connected-frontend/index.html,const-arrow,pn,6026
connected-frontend/index.html,const-arrow,shownSessions,6031
connected-frontend/index.html,function,printReport,6071
connected-frontend/index.html,function,setCurrTab,6079
connected-frontend/index.html,function,deriveProgress,6085
connected-frontend/index.html,const-arrow,arr,6086
connected-frontend/index.html,function,sourceBadge,6097
connected-frontend/index.html,const-arrow,wg,6101
connected-frontend/index.html,function,canEditCurr,6106
connected-frontend/index.html,function,renderCurr,6112
connected-frontend/index.html,const-arrow,filtered,6119
connected-frontend/index.html,const-arrow,groups,6131
connected-frontend/index.html,const-arrow,sc,6141
connected-frontend/index.html,function,toggleCC,6163
connected-frontend/index.html,function,showCurrDetail,6165
connected-frontend/index.html,const-arrow,e,6166
connected-frontend/index.html,const-arrow,sess,6167
connected-frontend/index.html,function,drillCurr,6187
connected-frontend/index.html,const-arrow,e,6188
connected-frontend/index.html,const-arrow,sess,6189
connected-frontend/index.html,function,_hideCurrWingRow,6193
connected-frontend/index.html,function,_showCurrWingRow,6194
connected-frontend/index.html,function,_resetCurrModal,6200
connected-frontend/index.html,function,_setCurrTermOptional,6207
connected-frontend/index.html,function,_populateCurrElements,6211
connected-frontend/index.html,function,openCreateElementInline,6228
connected-frontend/index.html,function,doCreateElementInline,6232
connected-frontend/index.html,function,_populateCurrPhases,6256
connected-frontend/index.html,function,openCreatePhaseInline,6272
connected-frontend/index.html,function,doCreatePhaseInline,6276
connected-frontend/index.html,function,openAddCurr,6304
connected-frontend/index.html,function,openAddCurrWing,6309
connected-frontend/index.html,function,openAddCurrNat,6316
connected-frontend/index.html,function,editCurr,6321
connected-frontend/index.html,const-arrow,e,6322
connected-frontend/index.html,function,saveCurr,6350
connected-frontend/index.html,const-arrow,existing,6372
connected-frontend/index.html,const-arrow,dup,6377
connected-frontend/index.html,function,deleteCurrItem,6396
connected-frontend/index.html,function,_actSourceBadge,6415
connected-frontend/index.html,function,_actTabLoad,6421
connected-frontend/index.html,function,_actTabFilters,6443
connected-frontend/index.html,function,_actTabRender,6458
connected-frontend/index.html,const-arrow,filtered,6461
connected-frontend/index.html,const-arrow,viewBtns,6466
connected-frontend/index.html,function,_actSetView,6508
connected-frontend/index.html,function,_actShowDetail,6514
connected-frontend/index.html,const-arrow,item,6516
connected-frontend/index.html,function,_actSaveEdit,6553
connected-frontend/index.html,function,_actArchive,6573
connected-frontend/index.html,function,_actOpenCreate,6583
connected-frontend/index.html,function,_actSaveCreate,6607
connected-frontend/index.html,function,_loadActivitiesPage,6634
connected-frontend/index.html,function,renderActs,6642
connected-frontend/index.html,const-arrow,list,6646
connected-frontend/index.html,function,openGenerateActivitiesModal,6663
connected-frontend/index.html,function,_gaRecurChange,6679
connected-frontend/index.html,function,_gaBody,6684
connected-frontend/index.html,const-arrow,excl,6685
connected-frontend/index.html,function,previewGenerateActivities,6706
connected-frontend/index.html,function,commitGenerateActivities,6738
connected-frontend/index.html,function,saveAct,6755
connected-frontend/index.html,function,editAct,6769
connected-frontend/index.html,const-arrow,act,6770
connected-frontend/index.html,function,delAct,6781
connected-frontend/index.html,function,_populateFacFilter,6790
connected-frontend/index.html,const-arrow,customTags,6795
connected-frontend/index.html,function,renderFacs,6803
connected-frontend/index.html,const-arrow,tagName,6812
connected-frontend/index.html,function,tagFac,6839
connected-frontend/index.html,const-arrow,f,6840
connected-frontend/index.html,const-arrow,apiTagNames,6847
connected-frontend/index.html,const-arrow,custom,6859
connected-frontend/index.html,function,createAndAddTag,6868
connected-frontend/index.html,function,toggleTagVocab,6883
connected-frontend/index.html,function,saveTagFac,6890
connected-frontend/index.html,const-arrow,customTags,6896
connected-frontend/index.html,function,showFacProfile,6905
connected-frontend/index.html,const-arrow,sess,6908
connected-frontend/index.html,const-arrow,phC,6911
connected-frontend/index.html,function,_readFacAreas,6945
connected-frontend/index.html,function,_clearFacDupWarning,6950
connected-frontend/index.html,function,_facSaveStateEl,6962
connected-frontend/index.html,function,_setFacSaveState,6963
connected-frontend/index.html,function,_resetFacSaveState,6967
connected-frontend/index.html,function,_markFacUnsaved,6968
connected-frontend/index.html,function,saveFac,6970
connected-frontend/index.html,const-arrow,done,6983
connected-frontend/index.html,function,editFac,7025
connected-frontend/index.html,function,delFac,7035
connected-frontend/index.html,function,renderRooms,7044
connected-frontend/index.html,function,saveRoom,7058
connected-frontend/index.html,function,editRoom,7069
connected-frontend/index.html,const-arrow,r,7070
connected-frontend/index.html,function,delRoom,7076
connected-frontend/index.html,function,saveEquip,7081
connected-frontend/index.html,function,editEquip,7092
connected-frontend/index.html,const-arrow,eq,7093
connected-frontend/index.html,function,delEquip,7098
connected-frontend/index.html,function,renderActions,7107
connected-frontend/index.html,const-arrow,schCodes,7109
connected-frontend/index.html,function,saveSettings,7133
connected-frontend/index.html,function,_offerPdayPropagation,7165
connected-frontend/index.html,function,_pdayPropPreview,7181
connected-frontend/index.html,const-arrow,dayName,7189
connected-frontend/index.html,function,_pdayPropApply,7207
connected-frontend/index.html,function,changeMyCode,7221
connected-frontend/index.html,const-arrow,show,7225
connected-frontend/index.html,function,esc,7241
connected-frontend/index.html,function,getEffectiveTemplate,7247
connected-frontend/index.html,const-arrow,tpls,7248
connected-frontend/index.html,function,renderTimingTemplates,7255
connected-frontend/index.html,function,openTimingTemplateModal,7276
connected-frontend/index.html,const-arrow,t,7285
connected-frontend/index.html,function,_ttDur,7298
connected-frontend/index.html,function,_ttBlockRow,7309
connected-frontend/index.html,const-arrow,typeOpts,7310
connected-frontend/index.html,function,renderTTBlocks,7329
connected-frontend/index.html,function,_ttBSet,7334
connected-frontend/index.html,function,_ttBMove,7335
connected-frontend/index.html,function,_ttBDel,7339
connected-frontend/index.html,function,ttAddBlock,7341
connected-frontend/index.html,function,ttQuickSetup,7346
connected-frontend/index.html,const-arrow,nonIP,7349
connected-frontend/index.html,const-arrow,ips,7350
connected-frontend/index.html,function,reloadTimingTemplates,7358
connected-frontend/index.html,function,saveTimingTemplate,7362
connected-frontend/index.html,const-arrow,setMsg,7368
connected-frontend/index.html,const-arrow,blocks,7371
connected-frontend/index.html,function,ttApplyFromDate,7405
connected-frontend/index.html,const-arrow,setMsg,7410
connected-frontend/index.html,function,openPNTimingOverrideModal,7420
connected-frontend/index.html,function,savePNTimingOverride,7433
connected-frontend/index.html,const-arrow,setMsg,7438
connected-frontend/index.html,function,removePNTimingOverride,7448
connected-frontend/index.html,const-arrow,setMsg,7451
connected-frontend/index.html,function,pctCls,7464
connected-frontend/index.html,function,ndCls,7465
connected-frontend/index.html,function,miniBar,7466
connected-frontend/index.html,function,statusBadge,7467
connected-frontend/index.html,function,readinessDot,7474
connected-frontend/index.html,function,heatColor,7478
connected-frontend/index.html,function,_cmdInfoToggle,7498
connected-frontend/index.html,function,_cmdCard,7508
connected-frontend/index.html,function,_cmdCell,7531
connected-frontend/index.html,function,_renderReadinessMatrix,7542
connected-frontend/index.html,function,cmdDrillReadiness,7563
connected-frontend/index.html,const-arrow,r,7564
connected-frontend/index.html,function,_renderRiskTimeline,7581
connected-frontend/index.html,const-arrow,maxV,7589
connected-frontend/index.html,const-arrow,total,7594
connected-frontend/index.html,function,_chartStackedBar100,7618
connected-frontend/index.html,function,_renderPareto,7639
connected-frontend/index.html,const-arrow,maxV,7642
connected-frontend/index.html,function,loadCommandDashboard,7654
connected-frontend/index.html,function,renderWing,7698
connected-frontend/index.html,const-arrow,tot,7701
connected-frontend/index.html,const-arrow,avgCov,7704
connected-frontend/index.html,const-arrow,atRisk,7705
connected-frontend/index.html,const-arrow,reads,7707
connected-frontend/index.html,const-arrow,highRisk,7709
connected-frontend/index.html,const-arrow,noData,7710
connected-frontend/index.html,function,wingDrill,7743
connected-frontend/index.html,const-arrow,r,7744
connected-frontend/index.html,function,renderNational,7757
connected-frontend/index.html,const-arrow,tot,7760
connected-frontend/index.html,const-arrow,avgCov,7763
connected-frontend/index.html,const-arrow,atRisk,7764
connected-frontend/index.html,function,nationalDrill,7797
connected-frontend/index.html,const-arrow,w,7798
connected-frontend/index.html,const-arrow,sqs,7799
connected-frontend/index.html,function,renderAudit,7809
connected-frontend/index.html,function,subjectOf,7830
connected-frontend/index.html,function,enterMode,7834
connected-frontend/index.html,function,exitMode,7845
connected-frontend/index.html,function,openModal,7854
connected-frontend/index.html,function,closeModal,7855
connected-frontend/index.html,function,_loadPlanningYears,7888
connected-frontend/index.html,const-arrow,active,7900
connected-frontend/index.html,function,_autoSelectFirstDate,7936
connected-frontend/index.html,function,loadMissions,7951
connected-frontend/index.html,function,renderMissions,7991
connected-frontend/index.html,const-arrow,rows,7996
connected-frontend/index.html,function,_phaseShort,8047
connected-frontend/index.html,function,_canWrite,8056
connected-frontend/index.html,function,_updateDebugPanel,8061
connected-frontend/index.html,const-arrow,isLocal,8064
connected-frontend/index.html,const-arrow,yr,8067
connected-frontend/index.html,function,openAssignModal,8086
connected-frontend/index.html,function,doAssignMission,8121
connected-frontend/index.html,function,openNewYearModal,8153
connected-frontend/index.html,function,doCreateYear,8179
connected-frontend/index.html,function,loadYearMap,8196
connected-frontend/index.html,const-arrow,yr,8209
connected-frontend/index.html,function,_renderAnnualCalendar,8244
connected-frontend/index.html,function,_renderApMonth,8275
connected-frontend/index.html,const-arrow,hols,8288
connected-frontend/index.html,function,_apShowDateDetail,8319
connected-frontend/index.html,const-arrow,hols,8325
connected-frontend/index.html,function,_renderParadeDates,8373
connected-frontend/index.html,function,_renderHolidays,8390
connected-frontend/index.html,function,_dayName,8407
connected-frontend/index.html,function,openAddDateModal,8409
connected-frontend/index.html,function,doAddParadeDate,8416
connected-frontend/index.html,function,deleteParadeDate,8427
connected-frontend/index.html,function,openGenerateDatesModal,8433
connected-frontend/index.html,function,_buildGenBody,8441
connected-frontend/index.html,const-arrow,excluded_dates,8449
connected-frontend/index.html,function,previewGenerateDates,8456
connected-frontend/index.html,function,doGenerateDates,8474
connected-frontend/index.html,function,openAddHolidayModal,8488
connected-frontend/index.html,function,doAddHoliday,8494
connected-frontend/index.html,function,deleteHoliday,8509
connected-frontend/index.html,function,loadAnchors,8519
connected-frontend/index.html,function,renderAnchors,8529
connected-frontend/index.html,function,_importanceBadge,8552
connected-frontend/index.html,function,_audienceBadges,8553
connected-frontend/index.html,function,openAddAnchorModal,8558
connected-frontend/index.html,function,doAddAnchor,8566
connected-frontend/index.html,function,deleteAnchor,8586
connected-frontend/index.html,function,loadTermPlanner,8596
connected-frontend/index.html,function,loadBuilderDates,8637
connected-frontend/index.html,function,_loadDirectPnSelector,8652
connected-frontend/index.html,function,loadBuilderFromPn,8666
connected-frontend/index.html,const-arrow,blocksForSess,8693
connected-frontend/index.html,function,openEditSessionModalPn,8726
connected-frontend/index.html,const-arrow,s,8727
connected-frontend/index.html,function,openNewSessionCellPn,8740
connected-frontend/index.html,function,loadBuilderGrid,8754
connected-frontend/index.html,const-arrow,criticals,8778
connected-frontend/index.html,const-arrow,blocksForSess,8791
connected-frontend/index.html,function,_statusBadge,8821
connected-frontend/index.html,function,_renderBuilderWeeklyPreview,8824
connected-frontend/index.html,const-arrow,maxSess,8832
connected-frontend/index.html,const-arrow,instrBlocks,8833
connected-frontend/index.html,function,openEditSessionModal,8852
connected-frontend/index.html,const-arrow,s,8853
connected-frontend/index.html,function,openNewSessionCell,8866
connected-frontend/index.html,function,_populateSessionSelectsReal,8880
connected-frontend/index.html,const-arrow,loadedFacs,8892
connected-frontend/index.html,const-arrow,loadedRooms,8893
connected-frontend/index.html,const-arrow,loadedCurr,8894
connected-frontend/index.html,function,_populateSessionSelects,8915
connected-frontend/index.html,function,doSaveSession,8919
connected-frontend/index.html,function,loadPWDates,8961
connected-frontend/index.html,function,loadWeeklyProgram,8976
connected-frontend/index.html,const-arrow,maxSess,8990
connected-frontend/index.html,const-arrow,instrBlocks,8991
connected-frontend/index.html,function,loadLongRange,9015
connected-frontend/index.html,const-arrow,filled,9040
connected-frontend/index.html,function,loadLocations,9066
connected-frontend/index.html,const-arrow,taResp,9071
connected-frontend/index.html,const-arrow,planLocs,9072
connected-frontend/index.html,const-arrow,realRooms,9073
connected-frontend/index.html,const-arrow,planRoomsOnly,9074
connected-frontend/index.html,const-arrow,allLocs,9075
connected-frontend/index.html,function,loadPlanningFacilitators,9092
connected-frontend/index.html,const-arrow,facs,9097
connected-frontend/index.html,function,openAddLocationModal,9121
connected-frontend/index.html,function,doAddLocation,9128
connected-frontend/index.html,function,loadPlanningChecks,9146
connected-frontend/index.html,function,_renderDecisionGuide,9162
connected-frontend/index.html,function,_renderConflicts,9175
connected-frontend/index.html,function,runAllChecks,9188
connected-frontend/index.html,function,promptOverrideConflict,9197
connected-frontend/index.html,function,openCsvCurrImport,9210
connected-frontend/index.html,function,_csvCurrRequest,9220
connected-frontend/index.html,function,previewCsvCurr,9238
connected-frontend/index.html,function,commitCsvCurr,9255
connected-frontend/index.html,function,_downloadExport,9266
connected-frontend/index.html,function,exportAnnualProgram,9284
connected-frontend/index.html,function,exportCurriculum,9289
connected-frontend/index.html,function,exportSchedule,9293
connected-frontend/index.html,function,openSchedImport,9299
connected-frontend/index.html,function,previewSchedImport,9309
connected-frontend/index.html,const-arrow,updateRows,9326
connected-frontend/index.html,const-arrow,summary,9327
connected-frontend/index.html,function,commitSchedImport,9345
connected-frontend/index.html,function,loadWingCalendar,9391
connected-frontend/index.html,function,renderWingCalendar,9422
connected-frontend/index.html,function,openWingEventDetail,9460
connected-frontend/index.html,function,markWingEventReviewed,9512
connected-frontend/index.html,function,markWingEventPlanned,9521
connected-frontend/index.html,function,openWingEventModal,9534
connected-frontend/index.html,function,editWingEvent,9556
connected-frontend/index.html,function,saveWingEvent,9563
connected-frontend/index.html,const-arrow,aud,9569
connected-frontend/index.html,function,archiveWingEvent,9597
connected-frontend/index.html,function,_loadAndRenderWingEventsOverlay,9608
connected-frontend/index.html,function,_renderWingEventsOverlay,9622
connected-frontend/index.html,function,_renderAnnualCalendar,9657
connected-frontend/index.html,function,_apShowDateDetail,9685
connected-frontend/index.html,function,toggleMobileNav,9711
connected-frontend/index.html,function,closeMobileNav,9723
