file,kind,name,line,visibility
backend/app/config.py,class,Settings,10,
backend/app/config.py,method,protected_db_host_fingerprints,78,public
backend/app/config.py,method,cors_origins,82,public
backend/app/config.py,method,is_prod,86,public
backend/app/config.py,method,validate_for_production,89,public
backend/app/config.py,method,_is_dev,100,private
backend/app/config.py,function,get_settings,122,public
backend/app/database.py,function,build_pool_kwargs,26,public
backend/app/database.py,function,utcnow,54,public
backend/app/database.py,function,new_uuid,58,public
backend/app/database.py,class,Base,62,
backend/app/database.py,class,UUIDMixin,66,
backend/app/database.py,class,TimestampMixin,70,
backend/app/database.py,class,SoftDeleteMixin,77,
backend/app/database.py,function,get_db,83,public
backend/app/database.py,function,init_db,91,public
backend/app/database.py,class,DestructiveResetRefused,96,
backend/app/database.py,function,check_destructive_reset_allowed,100,public
backend/app/database.py,function,reset_db,142,public
backend/app/dependencies.py,function,_token_from_request,14,private
backend/app/dependencies.py,function,get_principal,22,public
backend/app/dependencies.py,function,client_meta,48,public
backend/app/main.py,function,_maintenance_active,17,private
backend/app/main.py,function,invalidate_maintenance_cache,44,public
backend/app/main.py,function,lifespan,52,public
backend/app/main.py,function,_extract_token,94,private
backend/app/main.py,function,maintenance_gate,105,public
backend/app/main.py,function,api_rate_limit,169,public
backend/app/main.py,function,access_log,201,public
backend/app/main.py,function,security_headers,219,public
backend/app/main.py,function,server_error,241,public
backend/app/main.py,function,root,248,public
backend/app/models/operations.py,class,ActionItem,9,
backend/app/models/operations.py,class,Exception,28,
backend/app/models/operations.py,class,AuditLog,47,
backend/app/models/operations.py,class,SystemSetting,68,
backend/app/models/operations.py,class,ImportLog,78,
backend/app/models/operations.py,class,ExportLog,92,
backend/app/models/organisations.py,class,NationalEntity,9,
backend/app/models/organisations.py,class,Wing,15,
backend/app/models/organisations.py,class,Squadron,30,
backend/app/models/organisations.py,class,Flight,49,
backend/app/models/organisations.py,class,User,61,
backend/app/models/organisations.py,class,AccessCode,80,
backend/app/models/organisations.py,class,IpLoginAttempt,94,
backend/app/models/organisations.py,class,ProxySession,108,
backend/app/models/planning.py,class,PlanningYear,29,
backend/app/models/planning.py,class,ParadeDate,41,
backend/app/models/planning.py,class,HolidayPeriod,55,
backend/app/models/planning.py,class,AnchorEvent,67,
backend/app/models/planning.py,class,AnchorPrepRule,98,
backend/app/models/planning.py,class,AnchorPrepPlan,110,
backend/app/models/planning.py,class,ScheduledSession,122,
backend/app/models/planning.py,class,PlanningLocation,144,
backend/app/models/planning.py,class,PlanningConflict,156,
backend/app/models/planning.py,class,PlanningFacilitatorLeave,170,
backend/app/models/planning.py,class,PlanningNotice,183,
backend/app/models/planning.py,class,CeaImportBatch,197,
backend/app/models/planning.py,class,CeaActivity,212,
backend/app/models/planning.py,class,ActivityLocalHide,253,
backend/app/models/program.py,class,Phase,12,
backend/app/models/program.py,class,ProgramPackage,24,
backend/app/models/program.py,class,ProgramItem,43,
backend/app/models/program.py,class,LearningHubResource,75,
backend/app/models/program.py,class,ProgramItemDeployment,87,
backend/app/models/program.py,class,SourceFile,103,
backend/app/models/program.py,class,SourceConflict,116,
backend/app/models/program.py,class,PromotionRequest,134,
backend/app/models/program.py,class,JobStatus,146,
backend/app/models/training.py,class,CurriculumItem,14,
backend/app/models/training.py,class,CustomPhase,42,
backend/app/models/training.py,class,ParadeNight,50,
backend/app/models/training.py,class,Session,79,
backend/app/models/training.py,class,SessionStatusHistory,116,
backend/app/models/training.py,class,Facilitator,126,
backend/app/models/training.py,class,FacilitatorRankHistory,142,
backend/app/models/training.py,class,SubjectAreaTag,152,
backend/app/models/training.py,class,TrainingArea,164,
backend/app/models/training.py,class,Equipment,176,
backend/app/models/training.py,class,Activity,189,
backend/app/models/training.py,class,Cadet,213,
backend/app/models/training.py,class,TimingTemplate,236,
backend/app/models/training.py,class,TimingBlock,259,
backend/app/models/training.py,class,ParadeNightTimingOverride,282,
backend/app/models/training.py,class,CurriculumElement,303,
backend/app/models/training.py,class,CurriculumPhase,324,
backend/app/models/wing_calendar.py,class,WingHQEvent,30,
backend/app/models/wing_calendar.py,class,SquadronEventStatus,59,
backend/app/models/wing_calendar.py,class,WingEventCurriculumLink,77,
backend/app/permissions.py,class,Principal,23,
backend/app/permissions.py,method,is_national,37,public
backend/app/permissions.py,method,is_wing,41,public
backend/app/permissions.py,method,is_system_admin,45,public
backend/app/permissions.py,method,is_auditor,49,public
backend/app/permissions.py,method,can_view_squadron,52,public
backend/app/permissions.py,method,can_view_wing,59,public
backend/app/permissions.py,method,can_write_squadron,66,public
backend/app/permissions.py,method,can_write_activity,77,public
backend/app/permissions.py,function,require_can_write_squadron,103,public
backend/app/permissions.py,function,require_can_view_squadron,115,public
backend/app/permissions.py,function,require_can_view_wing,120,public
backend/app/permissions.py,function,require_can_write_activity,125,public
backend/app/permissions.py,function,require_role,143,public
backend/app/permissions.py,function,require_system_admin,148,public
backend/app/permissions.py,function,require_system_or_nat_admin,153,public
backend/app/permissions.py,function,require_audit_access,158,public
backend/app/routers/accounts.py,function,_scope_type,64,private
backend/app/routers/accounts.py,function,_require_write_actor,76,private
backend/app/routers/accounts.py,function,_validate_create_scope,81,private
backend/app/routers/accounts.py,function,_require_manage_authority,119,private
backend/app/routers/accounts.py,function,_can_read_account,138,private
backend/app/routers/accounts.py,function,_account_out,156,private
backend/app/routers/accounts.py,class,AccountCreateIn,211,
backend/app/routers/accounts.py,class,AccountUpdateIn,221,
backend/app/routers/accounts.py,class,ResetCodeIn,226,
backend/app/routers/accounts.py,class,FlightIn,230,
backend/app/routers/accounts.py,class,FlightUpdateIn,235,
backend/app/routers/accounts.py,function,list_accounts,245,public
backend/app/routers/accounts.py,function,create_account,283,public
backend/app/routers/accounts.py,function,get_account,351,public
backend/app/routers/accounts.py,function,update_account,363,public
backend/app/routers/accounts.py,function,reset_code,402,public
backend/app/routers/accounts.py,function,disable_account,452,public
backend/app/routers/accounts.py,function,reactivate_account,472,public
backend/app/routers/accounts.py,function,_last_active_system_admin_count,488,private
backend/app/routers/accounts.py,function,archive_account,494,public
backend/app/routers/accounts.py,function,restore_account,522,public
backend/app/routers/accounts.py,class,BatchArchiveIn,543,
backend/app/routers/accounts.py,function,batch_archive_accounts,551,public
backend/app/routers/accounts.py,function,unlock_account,626,public
backend/app/routers/accounts.py,function,_can_write_flight,654,private
backend/app/routers/accounts.py,function,list_flights,671,public
backend/app/routers/accounts.py,function,create_flight,690,public
backend/app/routers/accounts.py,function,update_flight,702,public
backend/app/routers/accounts.py,function,archive_flight,719,public
backend/app/routers/accounts.py,function,_flight_out,734,private
backend/app/routers/auth.py,class,LoginIn,28,
backend/app/routers/auth.py,class,LookupIn,33,
backend/app/routers/auth.py,class,ChangeCodeIn,39,
backend/app/routers/auth.py,function,lookup,45,public
backend/app/routers/auth.py,function,login,91,public
backend/app/routers/auth.py,function,_raise_if_locked,150,private
backend/app/routers/auth.py,function,logout,161,public
backend/app/routers/auth.py,function,me,169,public
backend/app/routers/auth.py,function,refresh,179,public
backend/app/routers/auth.py,function,change_code,200,public
backend/app/routers/auth.py,function,list_organisations,242,public
backend/app/routers/auth.py,function,_me,269,private
backend/app/routers/dashboard.py,function,_scope,58,private
backend/app/routers/dashboard.py,function,_sqn_ids_for_wing,66,private
backend/app/routers/dashboard.py,function,_wing_ids_for_national,75,private
backend/app/routers/dashboard.py,function,_date_window,87,private
backend/app/routers/dashboard.py,function,_iso_week,100,private
backend/app/routers/dashboard.py,function,_weekly_outcomes,109,private
backend/app/routers/dashboard.py,function,_delivery_trend,152,private
backend/app/routers/dashboard.py,method,_week_start,174,private
backend/app/routers/dashboard.py,function,_curriculum_progress,220,private
backend/app/routers/dashboard.py,function,_curriculum_backlog,275,private
backend/app/routers/dashboard.py,function,_cancellation_reasons,333,private
backend/app/routers/dashboard.py,function,_facilitator_workload,392,private
backend/app/routers/dashboard.py,function,_facilitator_status_distribution,446,private
backend/app/routers/dashboard.py,function,_facilitator_repeated_gaps,492,private
backend/app/routers/dashboard.py,function,_facilitator_leave_impact,533,private
backend/app/routers/dashboard.py,function,_session_to_readiness_dict,584,private
backend/app/routers/dashboard.py,function,_tonight_readiness,597,private
backend/app/routers/dashboard.py,function,_session_outcomes_distribution,694,private
backend/app/routers/dashboard.py,function,_upcoming_readiness,739,private
backend/app/routers/dashboard.py,function,_squadron_readiness,801,private
backend/app/routers/dashboard.py,function,_squadron_delivery_comparison,859,private
backend/app/routers/dashboard.py,function,_wing_subject_area_gaps,912,private
backend/app/routers/dashboard.py,function,_wing_readiness_comparison,968,private
backend/app/routers/dashboard.py,function,_command_child_units,1042,private
backend/app/routers/dashboard.py,function,_unit_session_filter,1055,private
backend/app/routers/dashboard.py,function,_unit_pns_and_sessions,1062,private
backend/app/routers/dashboard.py,function,_next_unit_readiness,1075,private
backend/app/routers/dashboard.py,function,_unit_readiness_trend,1095,private
backend/app/routers/dashboard.py,function,_matrix_cell,1127,private
backend/app/routers/dashboard.py,function,_readiness_matrix,1151,private
backend/app/routers/dashboard.py,function,_risk_forecast,1238,private
backend/app/routers/dashboard.py,function,_immediate_issues,1376,private
backend/app/routers/dashboard.py,function,_command_weekly_delivered,1416,private
backend/app/routers/dashboard.py,function,_command_reliability_trend,1429,private
backend/app/routers/dashboard.py,function,_outcomes_by_unit,1447,private
backend/app/routers/dashboard.py,function,_cancellation_pareto,1497,private
backend/app/routers/dashboard.py,function,_facilitator_capability_dependency,1552,private
backend/app/routers/dashboard.py,function,_subject_area_resilience,1595,private
backend/app/routers/dashboard.py,function,_long_term_delivery_trend,1638,private
backend/app/routers/dashboard.py,function,_full_squadron_charts,1684,private
backend/app/routers/dashboard.py,function,_view_squadron_id_for_dashboard,1748,private
backend/app/routers/dashboard.py,function,_wing_comparison_charts,1768,private
backend/app/routers/dashboard.py,function,get_dashboard_charts,1794,public
backend/app/routers/dashboard.py,function,_full_squadron_strategic_charts,1904,private
backend/app/routers/dashboard.py,function,_wing_strategic_charts,1932,private
backend/app/routers/dashboard.py,function,get_strategic_charts,1954,public
backend/app/routers/dashboard.py,function,get_facilitator_schedule,2000,public
backend/app/routers/dashboard.py,function,get_command_dashboard,2104,public
backend/app/routers/export_import.py,function,_rows_for,18,private
backend/app/routers/export_import.py,function,_neutralise,28,private
backend/app/routers/export_import.py,function,export_csv,34,public
backend/app/routers/export_import.py,function,export_xlsx,46,public
backend/app/routers/export_import.py,function,export_pdf,60,public
backend/app/routers/export_import.py,function,_log,91,private
backend/app/routers/export_import.py,class,ProgramImportPreviewIn,99,
backend/app/routers/export_import.py,function,program_import_preview,107,public
backend/app/routers/health.py,function,health,11,public
backend/app/routers/health.py,function,health_db,16,public
backend/app/routers/health.py,function,ready,25,public
backend/app/routers/health.py,function,ui_config,35,public
backend/app/routers/jobs.py,function,_scope_for,27,private
backend/app/routers/jobs.py,function,get_job,36,public
backend/app/routers/jobs.py,class,ExportJobIn,56,
backend/app/routers/jobs.py,function,submit_export_job,62,public
backend/app/routers/ops.py,function,_active_squadron,19,private
backend/app/routers/ops.py,function,_all_sessions,23,private
backend/app/routers/ops.py,function,_coverage_for,28,private
backend/app/routers/ops.py,function,rep_summary,56,public
backend/app/routers/ops.py,function,rep_readiness,67,public
backend/app/routers/ops.py,function,rep_coverage,88,public
backend/app/routers/ops.py,function,rep_load,108,public
backend/app/routers/ops.py,function,rep_nd,127,public
backend/app/routers/ops.py,function,wing_overview,136,public
backend/app/routers/ops.py,function,wing_cancellation_trend,186,public
backend/app/routers/ops.py,function,wing_not_delivered,224,public
backend/app/routers/ops.py,function,wing_phase_coverage,248,public
backend/app/routers/ops.py,function,_subject_of,289,private
backend/app/routers/ops.py,function,_capability_for_squadron,298,private
backend/app/routers/ops.py,function,wing_capability,343,public
backend/app/routers/ops.py,function,national_capability,372,public
backend/app/routers/ops.py,function,national_overview,391,public
backend/app/routers/ops.py,class,ActionIn,408,
backend/app/routers/ops.py,function,list_actions,417,public
backend/app/routers/ops.py,function,add_action,425,public
backend/app/routers/ops.py,function,close_action,439,public
backend/app/routers/ops.py,function,run_checks,453,public
backend/app/routers/ops.py,class,ImportPreviewIn,487,
backend/app/routers/ops.py,class,ImportCommitIn,492,
backend/app/routers/ops.py,function,import_preview,497,public
backend/app/routers/ops.py,method,safe,503,public
backend/app/routers/ops.py,function,import_commit,513,public
backend/app/routers/ops.py,method,g,531,public
backend/app/routers/ops.py,function,import_rollback,557,public
backend/app/routers/ops.py,function,_guess,577,private
backend/app/routers/organisations.py,function,national_overview,24,public
backend/app/routers/organisations.py,function,list_wings,35,public
backend/app/routers/organisations.py,class,WingCreateIn,44,
backend/app/routers/organisations.py,function,create_wing,51,public
backend/app/routers/organisations.py,function,wing_archive_impact,81,public
backend/app/routers/organisations.py,function,archive_wing,136,public
backend/app/routers/organisations.py,function,restore_wing,164,public
backend/app/routers/organisations.py,function,list_squadrons,182,public
backend/app/routers/organisations.py,class,SquadronCreateIn,199,
backend/app/routers/organisations.py,function,create_squadron,209,public
backend/app/routers/organisations.py,function,squadron_archive_impact,254,public
backend/app/routers/organisations.py,function,archive_squadron,336,public
backend/app/routers/organisations.py,function,restore_squadron,368,public
backend/app/routers/organisations.py,function,get_squadron,394,public
backend/app/routers/organisations.py,class,SquadronUpdateIn,402,
backend/app/routers/organisations.py,function,update_squadron,412,public
backend/app/routers/organisations.py,function,list_users,436,public
backend/app/routers/organisations.py,function,_user,448,private
backend/app/routers/organisations.py,function,_sqn,464,private
backend/app/routers/organisations.py,class,EnterIn,473,
backend/app/routers/organisations.py,function,enter_proxy,478,public
backend/app/routers/organisations.py,function,exit_proxy,510,public
backend/app/routers/organisations.py,function,current_proxy,522,public
backend/app/routers/organisations.py,function,get_audit,532,public
backend/app/routers/planning.py,function,_check_version,39,private
backend/app/routers/planning.py,function,_parse_json_list,48,private
backend/app/routers/planning.py,function,_parse_prog_date,68,private
backend/app/routers/planning.py,function,_parse_prog_time,81,private
backend/app/routers/planning.py,function,_is_parade_row,98,private
backend/app/routers/planning.py,function,_resolve_unit_sqn,103,private
backend/app/routers/planning.py,function,_parse_program_file,124,private
backend/app/routers/planning.py,function,_require_plan_write,159,private
backend/app/routers/planning.py,function,_require_year_access,164,private
backend/app/routers/planning.py,function,_get_year_or_404,180,private
backend/app/routers/planning.py,function,_find_or_create_parade_night,187,private
backend/app/routers/planning.py,function,_year_out,228,private
backend/app/routers/planning.py,function,_date_out,241,private
backend/app/routers/planning.py,function,_holiday_out,253,private
backend/app/routers/planning.py,function,_anchor_out,263,private
backend/app/routers/planning.py,function,_session_out,300,private
backend/app/routers/planning.py,function,_location_out,331,private
backend/app/routers/planning.py,function,_real_session_out,349,private
backend/app/routers/planning.py,function,_conflict_out,387,private
backend/app/routers/planning.py,class,PlanningYearIn,403,
backend/app/routers/planning.py,class,PlanningYearUpdateIn,411,
backend/app/routers/planning.py,function,list_planning_years,418,public
backend/app/routers/planning.py,function,create_planning_year,454,public
backend/app/routers/planning.py,function,get_planning_year,487,public
backend/app/routers/planning.py,function,update_planning_year,502,public
backend/app/routers/planning.py,class,ParadeDateIn,530,
backend/app/routers/planning.py,class,GenerateParadeDatesIn,537,
backend/app/routers/planning.py,function,list_parade_dates,551,public
backend/app/routers/planning.py,method,in_holiday,565,public
backend/app/routers/planning.py,function,add_parade_date,579,public
backend/app/routers/planning.py,function,_compute_candidate_dates,601,private
backend/app/routers/planning.py,method,in_holiday,627,public
backend/app/routers/planning.py,function,preview_parade_dates,683,public
backend/app/routers/planning.py,function,generate_parade_dates,706,public
backend/app/routers/planning.py,class,UpdateFutureParadeDayIn,764,
backend/app/routers/planning.py,function,update_future_parade_day,778,public
backend/app/routers/planning.py,method,in_holiday,826,public
backend/app/routers/planning.py,function,delete_parade_date,935,public
backend/app/routers/planning.py,function,_validate_iso_date,955,private
backend/app/routers/planning.py,class,HolidayIn,963,
backend/app/routers/planning.py,method,model_post_init,972,public
backend/app/routers/planning.py,function,list_holidays,980,public
backend/app/routers/planning.py,function,add_holiday,993,public
backend/app/routers/planning.py,function,delete_holiday,1016,public
backend/app/routers/planning.py,class,AnchorEventIn,1036,
backend/app/routers/planning.py,class,AnchorEventUpdateIn,1055,
backend/app/routers/planning.py,function,list_anchors,1067,public
backend/app/routers/planning.py,function,create_anchor,1088,public
backend/app/routers/planning.py,function,update_anchor,1123,public
backend/app/routers/planning.py,function,archive_anchor,1148,public
backend/app/routers/planning.py,function,get_prep_suggestions,1165,public
backend/app/routers/planning.py,function,get_term_planner,1221,public
backend/app/routers/planning.py,function,get_builder,1287,public
backend/app/routers/planning.py,class,ScheduledSessionIn,1364,
backend/app/routers/planning.py,class,ScheduledSessionUpdateIn,1379,
backend/app/routers/planning.py,function,create_session,1394,public
backend/app/routers/planning.py,function,get_session,1467,public
backend/app/routers/planning.py,function,update_session,1482,public
backend/app/routers/planning.py,function,delete_session,1540,public
backend/app/routers/planning.py,function,get_weekly_program,1562,public
backend/app/routers/planning.py,function,get_long_range,1628,public
backend/app/routers/planning.py,class,PlanningLocationIn,1708,
backend/app/routers/planning.py,class,PlanningLocationUpdateIn,1716,
backend/app/routers/planning.py,function,list_locations,1725,public
backend/app/routers/planning.py,function,create_location,1747,public
backend/app/routers/planning.py,function,update_location,1769,public
backend/app/routers/planning.py,function,list_planning_facilitators,1802,public
backend/app/routers/planning.py,function,_run_conflict_check,1832,private
backend/app/routers/planning.py,method,_conflict,1850,private
backend/app/routers/planning.py,function,get_conflicts,1914,public
backend/app/routers/planning.py,class,ConflictOverrideIn,1931,
backend/app/routers/planning.py,function,override_conflict,1936,public
backend/app/routers/planning.py,function,run_checks,1959,public
backend/app/routers/planning.py,function,get_decision_guide,1982,public
backend/app/routers/planning.py,function,get_command_centre,2066,public
backend/app/routers/planning.py,function,list_prep_rules,2267,public
backend/app/routers/planning.py,function,_term_for_date,2299,private
backend/app/routers/planning.py,function,_curriculum_scope_query,2307,private
backend/app/routers/planning.py,function,list_missions,2332,public
backend/app/routers/planning.py,method,_sess_summary,2391,private
backend/app/routers/planning.py,class,MissionAssignIn,2529,
backend/app/routers/planning.py,function,assign_mission,2541,public
backend/app/routers/planning.py,function,get_annual_program,2616,public
backend/app/routers/planning.py,method,_in_range,2676,private
backend/app/routers/planning.py,method,_anchor_v14_out,2730,private
backend/app/routers/planning.py,method,_holiday_v14_out,2741,private
backend/app/routers/planning.py,class,RolloverIn,2821,
backend/app/routers/planning.py,function,rollover_year,2829,public
backend/app/routers/planning.py,function,_neutralise_cell,2951,private
backend/app/routers/planning.py,function,export_annual_program_xlsx,2958,public
backend/app/routers/planning.py,method,_term_label,2982,private
backend/app/routers/planning.py,function,export_schedule_xlsx,3024,public
backend/app/routers/planning.py,method,_term_lbl,3047,private
backend/app/routers/planning.py,function,import_schedule_xlsx,3096,public
backend/app/routers/planning.py,method,_col,3131,private
backend/app/routers/planning.py,method,_cell,3157,private
backend/app/routers/planning.py,function,import_annual_program,3273,public
backend/app/routers/planning.py,class,FacilitatorLeaveIn,3455,
backend/app/routers/planning.py,function,list_facilitator_leave,3464,public
backend/app/routers/planning.py,function,add_facilitator_leave,3499,public
backend/app/routers/planning.py,function,delete_facilitator_leave,3572,public
backend/app/routers/planning.py,function,facilitator_workload,3592,public
backend/app/routers/planning.py,function,_notice_out,3673,private
backend/app/routers/planning.py,function,night_summaries,3689,public
backend/app/routers/planning.py,class,NoticeIn,3806,
backend/app/routers/planning.py,function,list_notices,3813,public
backend/app/routers/planning.py,function,create_notice,3836,public
backend/app/routers/planning.py,class,NoticeUpdateIn,3861,
backend/app/routers/planning.py,function,update_notice,3869,public
backend/app/routers/planning.py,function,archive_notice,3895,public
backend/app/routers/planning.py,function,_cea_activity_out,3915,private
backend/app/routers/planning.py,function,list_cea_activities,3953,public
backend/app/routers/planning.py,function,list_cea_batches,3992,public
backend/app/routers/planning.py,function,_parse_cea_date,4023,private
backend/app/routers/planning.py,function,_parse_cea_time,4036,private
backend/app/routers/planning.py,function,_normalise_cea_row,4045,private
backend/app/routers/planning.py,method,g,4047,public
backend/app/routers/planning.py,function,import_cea_csv,4074,public
backend/app/routers/planning.py,class,CeaClassifyIn,4220,
backend/app/routers/planning.py,function,classify_cea_activity,4229,public
backend/app/routers/planning.py,class,ActivityLocalHideIn,4269,
backend/app/routers/planning.py,function,set_local_hide,4275,public
backend/app/routers/planning.py,class,ManualActivityIn,4315,
backend/app/routers/planning.py,function,create_manual_activity,4331,public
backend/app/routers/program.py,function,_item_dict,17,private
backend/app/routers/program.py,function,list_phases,28,public
backend/app/routers/program.py,class,PackageIn,36,
backend/app/routers/program.py,function,_scope_for,42,private
backend/app/routers/program.py,function,list_packages,54,public
backend/app/routers/program.py,function,create_package,78,public
backend/app/routers/program.py,function,_require_owner,88,private
backend/app/routers/program.py,function,_lifecycle,99,private
backend/app/routers/program.py,method,handler,100,public
backend/app/routers/program.py,class,ItemIn,124,
backend/app/routers/program.py,function,list_items,137,public
backend/app/routers/program.py,function,get_item,143,public
backend/app/routers/program.py,function,create_item,154,public
backend/app/routers/program.py,function,retire_item,172,public
backend/app/routers/program.py,function,list_lh,185,public
backend/app/routers/program.py,function,lh_missing,194,public
backend/app/routers/program.py,function,coverage_squadron,202,public
backend/app/routers/program.py,function,coverage_wing,221,public
backend/app/routers/program.py,class,PromoteIn,241,
backend/app/routers/program.py,function,promote_sq_to_wing,247,public
backend/app/routers/program.py,function,list_promotions,260,public
backend/app/routers/program.py,function,approve_promotion,267,public
backend/app/routers/setup.py,function,setup_status,28,public
backend/app/routers/system.py,function,_get_setting,39,private
backend/app/routers/system.py,function,_set_setting,44,private
backend/app/routers/system.py,function,_migration_head,55,private
backend/app/routers/system.py,function,_db_type,69,private
backend/app/routers/system.py,function,system_overview,81,public
backend/app/routers/system.py,function,system_health,108,public
backend/app/routers/system.py,function,system_version,129,public
backend/app/routers/system.py,function,system_migrations,137,public
backend/app/routers/system.py,function,get_maintenance,168,public
backend/app/routers/system.py,class,MaintenanceIn,180,
backend/app/routers/system.py,function,enable_maintenance,189,public
backend/app/routers/system.py,function,disable_maintenance,213,public
backend/app/routers/system.py,function,scope_map,229,public
backend/app/routers/system.py,function,audit_summary,261,public
backend/app/routers/system.py,function,list_backups,299,public
backend/app/routers/system.py,function,create_backup,315,public
backend/app/routers/system.py,function,pg_dump_backup,344,public
backend/app/routers/system.py,method,_generate,404,private
backend/app/routers/system.py,class,BootstrapIn,424,
backend/app/routers/system.py,function,bootstrap_staging,431,public
backend/app/routers/system.py,function,reset_rate_limits,552,public
backend/app/routers/timing.py,function,_valid_time,39,private
backend/app/routers/timing.py,function,_calc_duration,43,private
backend/app/routers/timing.py,function,_block_dict,56,private
backend/app/routers/timing.py,function,_template_dict,73,private
backend/app/routers/timing.py,function,_effective_template,93,private
backend/app/routers/timing.py,function,_active_squadron,117,private
backend/app/routers/timing.py,function,_validate_block_times,123,private
backend/app/routers/timing.py,function,_replace_blocks,154,private
backend/app/routers/timing.py,class,BlockIn,193,
backend/app/routers/timing.py,class,TemplateIn,206,
backend/app/routers/timing.py,class,TemplatePatch,215,
backend/app/routers/timing.py,class,ApplyFromIn,224,
backend/app/routers/timing.py,class,OverrideIn,229,
backend/app/routers/timing.py,function,list_timing_templates,237,public
backend/app/routers/timing.py,function,create_timing_template,264,public
backend/app/routers/timing.py,function,get_effective_template,316,public
backend/app/routers/timing.py,function,get_timing_template,345,public
backend/app/routers/timing.py,function,update_timing_template,362,public
backend/app/routers/timing.py,function,archive_timing_template,408,public
backend/app/routers/timing.py,function,apply_from_date,437,public
backend/app/routers/timing.py,function,get_parade_timing,496,public
backend/app/routers/timing.py,function,set_timing_override,540,public
backend/app/routers/timing.py,function,remove_timing_override,599,public
backend/app/routers/training.py,function,_check_version,25,private
backend/app/routers/training.py,function,_parse_json_list,39,private
backend/app/routers/training.py,function,_active_squadron,54,private
backend/app/routers/training.py,function,_view_squadron_id,61,private
backend/app/routers/training.py,function,_sess_dict,89,private
backend/app/routers/training.py,function,list_curriculum,97,public
backend/app/routers/training.py,function,_progress,148,private
backend/app/routers/training.py,function,export_curriculum_xlsx,163,public
backend/app/routers/training.py,method,_n,200,private
backend/app/routers/training.py,function,curriculum_sessions,220,public
backend/app/routers/training.py,class,ParadeIn,228,
backend/app/routers/training.py,function,list_parades,236,public
backend/app/routers/training.py,function,get_parade,253,public
backend/app/routers/training.py,function,create_parade,271,public
backend/app/routers/training.py,function,_pn_dict,313,private
backend/app/routers/training.py,class,SessionIn,322,
backend/app/routers/training.py,class,StatusIn,346,
backend/app/routers/training.py,function,_apply_status_transition,359,private
backend/app/routers/training.py,function,_recompute,383,private
backend/app/routers/training.py,function,create_session,399,public
backend/app/routers/training.py,function,edit_session,415,public
backend/app/routers/training.py,function,set_status,513,public
backend/app/routers/training.py,function,_denormalise,537,private
backend/app/routers/training.py,function,publish,561,public
backend/app/routers/training.py,function,close,580,public
backend/app/routers/training.py,function,_validate_subject_areas,601,private
backend/app/routers/training.py,class,FacIn,624,
backend/app/routers/training.py,function,list_facs,634,public
backend/app/routers/training.py,function,add_fac,659,public
backend/app/routers/training.py,function,facilitator_import_template,713,public
backend/app/routers/training.py,function,_neutralise_csv_cell,737,private
backend/app/routers/training.py,function,_fac_csv_get,747,private
backend/app/routers/training.py,class,FacilitatorImportIn,755,
backend/app/routers/training.py,function,import_facilitators_csv,764,public
backend/app/routers/training.py,class,FacUpdateIn,892,
backend/app/routers/training.py,function,update_fac,901,public
backend/app/routers/training.py,function,fac_stats,925,public
backend/app/routers/training.py,function,list_rooms,942,public
backend/app/routers/training.py,function,list_equipment,951,public
backend/app/routers/training.py,function,resource_clashes,960,public
backend/app/routers/training.py,function,list_cadets,984,public
backend/app/routers/training.py,function,cadet_risk,1006,public
backend/app/routers/training.py,function,parade_night_builder,1027,public
backend/app/routers/training.py,function,delete_parade,1080,public
backend/app/routers/training.py,function,delete_fac,1096,public
backend/app/routers/training.py,class,TrainingAreaIn,1109,
backend/app/routers/training.py,class,TrainingAreaUpdateIn,1117,
backend/app/routers/training.py,function,create_room,1129,public
backend/app/routers/training.py,function,update_room,1148,public
backend/app/routers/training.py,function,delete_room,1171,public
backend/app/routers/training.py,class,EquipIn,1185,
backend/app/routers/training.py,class,EquipUpdateIn,1192,
backend/app/routers/training.py,function,create_equip,1200,public
backend/app/routers/training.py,function,update_equip,1219,public
backend/app/routers/training.py,function,delete_equip,1241,public
backend/app/routers/training.py,class,ActivityIn,1255,
backend/app/routers/training.py,class,ActivityUpdateIn,1267,
backend/app/routers/training.py,class,ActivityWingIn,1281,
backend/app/routers/training.py,function,_activity_out,1285,private
backend/app/routers/training.py,function,_activities_visibility_filter,1308,private
backend/app/routers/training.py,function,_cea_source_items,1324,private
backend/app/routers/training.py,function,_holiday_source_items,1369,private
backend/app/routers/training.py,function,list_activities,1407,public
backend/app/routers/training.py,function,get_activity,1515,public
backend/app/routers/training.py,function,create_activity,1543,public
backend/app/routers/training.py,function,create_wing_activity,1565,public
backend/app/routers/training.py,function,create_national_activity,1589,public
backend/app/routers/training.py,function,update_activity,1605,public
backend/app/routers/training.py,function,delete_activity,1639,public
backend/app/routers/training.py,class,ActivityGenerateIn,1656,
backend/app/routers/training.py,function,_generate_dates,1674,private
backend/app/routers/training.py,function,generate_activities,1757,public
backend/app/routers/training.py,class,ElementIn,1880,
backend/app/routers/training.py,function,_can_create_element,1888,private
backend/app/routers/training.py,function,_visible_elements,1921,private
backend/app/routers/training.py,function,list_elements,1950,public
backend/app/routers/training.py,function,create_element,1958,public
backend/app/routers/training.py,function,archive_element,1992,public
backend/app/routers/training.py,function,_upsert_element,2006,private
backend/app/routers/training.py,class,PhaseIn,2040,
backend/app/routers/training.py,function,_can_create_phase,2049,private
backend/app/routers/training.py,function,_visible_phases,2108,private
backend/app/routers/training.py,function,list_phases,2141,public
backend/app/routers/training.py,function,create_phase,2151,public
backend/app/routers/training.py,function,archive_phase,2190,public
backend/app/routers/training.py,class,CurriculumIn,2205,
backend/app/routers/training.py,class,CurriculumUpdateIn,2220,
backend/app/routers/training.py,class,CurriculumImportItem,2233,
backend/app/routers/training.py,class,CurriculumImportIn,2253,
backend/app/routers/training.py,function,_find_existing_curriculum,2267,private
backend/app/routers/training.py,function,create_curriculum,2296,public
backend/app/routers/training.py,function,create_wing_curriculum,2330,public
backend/app/routers/training.py,function,create_national_curriculum,2366,public
backend/app/routers/training.py,function,update_curriculum,2399,public
backend/app/routers/training.py,function,delete_curriculum,2438,public
backend/app/routers/training.py,function,import_curriculum,2466,public
backend/app/routers/training.py,function,_link_session,2613,private
backend/app/routers/training.py,function,import_curriculum_xlsm,2663,public
backend/app/routers/training.py,function,_parse_program_backend_sheet,2707,private
backend/app/routers/training.py,method,col,2718,public
backend/app/routers/training.py,function,_parse_duration,2805,private
backend/app/routers/training.py,function,import_curriculum_csv,2821,public
backend/app/routers/training.py,function,import_activities_cea,2903,public
backend/app/routers/training.py,function,_normalise_tag,2934,private
backend/app/routers/training.py,function,_tag_out,2940,private
backend/app/routers/training.py,class,SubjectAreaTagIn,2954,
backend/app/routers/training.py,function,list_subject_area_tags,2960,public
backend/app/routers/training.py,function,create_subject_area_tag,2986,public
backend/app/routers/training.py,function,archive_subject_area_tag,3045,public
backend/app/routers/wing_calendar.py,function,_require_write,46,private
backend/app/routers/wing_calendar.py,function,_require_read,53,private
backend/app/routers/wing_calendar.py,function,_get_event_or_404,63,private
backend/app/routers/wing_calendar.py,function,_link_out,74,private
backend/app/routers/wing_calendar.py,function,_sqn_status_out,85,private
backend/app/routers/wing_calendar.py,function,_event_out,97,private
backend/app/routers/wing_calendar.py,function,_load_links,133,private
backend/app/routers/wing_calendar.py,function,_load_links_for_events,146,private
backend/app/routers/wing_calendar.py,function,_load_sqn_status,162,private
backend/app/routers/wing_calendar.py,function,_validate_iso_date,176,private
backend/app/routers/wing_calendar.py,class,WingEventIn,186,
backend/app/routers/wing_calendar.py,method,title_nonempty,208,public
backend/app/routers/wing_calendar.py,method,start_date_iso,218,public
backend/app/routers/wing_calendar.py,method,end_date_iso,224,public
backend/app/routers/wing_calendar.py,method,status_valid,229,public
backend/app/routers/wing_calendar.py,class,WingEventPatch,235,
backend/app/routers/wing_calendar.py,method,title_nonempty,254,public
backend/app/routers/wing_calendar.py,method,dates_iso,266,public
backend/app/routers/wing_calendar.py,method,status_valid,271,public
backend/app/routers/wing_calendar.py,class,CurriculumLinkIn,277,
backend/app/routers/wing_calendar.py,class,SqnStatusIn,283,
backend/app/routers/wing_calendar.py,function,list_wing_events,294,public
backend/app/routers/wing_calendar.py,function,get_wing_event,350,public
backend/app/routers/wing_calendar.py,function,create_wing_event,369,public
backend/app/routers/wing_calendar.py,function,update_wing_event,426,public
backend/app/routers/wing_calendar.py,function,archive_wing_event,479,public
backend/app/routers/wing_calendar.py,function,add_curriculum_link,500,public
backend/app/routers/wing_calendar.py,function,remove_curriculum_link,538,public
backend/app/routers/wing_calendar.py,function,update_squadron_status,565,public
backend/app/routers/wing_calendar.py,function,get_squadron_overlay,628,public
backend/app/security.py,function,generate_code,26,public
backend/app/security.py,function,hash_code,35,public
backend/app/security.py,function,verify_code,39,public
backend/app/security.py,function,create_token,46,public
backend/app/security.py,function,decode_token,55,public
backend/app/security.py,function,login_blocked,68,public
backend/app/security.py,function,record_login_failure,78,public
backend/app/security.py,function,record_login_success,88,public
backend/app/security.py,function,reset_rate_limiter,93,public
backend/app/security.py,function,check_api_rate,104,public
backend/app/security.py,function,reset_api_rate_limiter,114,public
backend/app/security.py,function,idempotency_get,130,public
backend/app/security.py,function,idempotency_set,142,public
backend/app/security.py,function,reset_idempotency_cache,146,public
backend/app/security.py,function,login_blocked_db,154,public
backend/app/security.py,function,record_login_failure_db,174,public
backend/app/security.py,function,record_login_success_db,194,public
backend/app/seeds/second_wing_seed.py,function,second_wing_seed,36,public
backend/app/seeds/seed_all.py,function,seed_all,74,public
backend/app/seeds/seed_all.py,function,seed_planning_data,310,public
backend/app/seeds/seed_all.py,method,in_holiday,356,public
backend/app/seeds/seed_all.py,method,get_term,368,public
backend/app/seeds/seed_all.py,function,seed_program,471,public
backend/app/seeds/staging_seed.py,function,staging_seed,32,public
backend/app/seeds/stress_seed.py,function,run,25,public
backend/app/services.py,function,audit,10,public
backend/app/services.py,function,band,58,public
backend/app/services.py,function,score_parade,65,public
backend/app/services.py,function,publish_blockers,101,public
backend/app/services.py,function,close_blockers,116,public
backend/app/services_program.py,function,visible_items_for,14,public
backend/app/services_program.py,function,_can_see,29,private
backend/app/services_program.py,function,can_schedule,52,public
backend/app/services_program.py,function,coverage_for_squadron,68,public
backend/app/services_program.py,method,statuses_for,85,public
backend/app/services_program.py,method,is_core,90,public
backend/app/services_program.py,method,tally,96,public
backend/app/services_readiness.py,function,session_requirements,50,public
backend/app/services_readiness.py,function,session_delivery_outcome,82,public
backend/app/services_readiness.py,function,session_data_quality,86,public
backend/app/services_readiness.py,function,parade_night_readiness,98,public
backend/app/workers/celery_app.py,function,generate_export,22,public
backend/app/workers/dispatcher.py,function,submit_export,17,public
backend/app/workers/dispatcher.py,function,_try_celery,41,private
backend/app/workers/dispatcher.py,function,_run_sync,55,private
